title_id,title,dom_total_sales,int_total_sales,dom_distributer,dom_opening,budget
tt0163579,Chill Factor,11263966,524710,Warner Bros.,4529231,70000000
tt0163988,Bringing Out the Dead,16797191,-1,Paramount Pictures,6193052,55000000
tt0165929,Romeo Must Die,55973336,35063424,Warner Bros.,18014503,25000000
tt0167456,The Thunderbirds,6880917,21402720,Universal Pictures,2766810,57000000
tt0168501,The Best Man,34102780,471000,Universal Pictures,9031660,9000000
tt0177971,The Perfect Storm,182618434,146100000,Warner Bros.,41325042,140000000
tt0183649,Phone Booth,46566212,51270926,Twentieth Century Fox,15021088,13000000
tt0187393,The Patriot,113330342,101964000,Sony Pictures Releasing,22413710,110000000
tt0187859,Genghis Blues,374550,-1,Roxie Releasing,6524,-1
tt0189192,Just Visiting,4781539,11395193,Walt Disney Studios Motion Pictures,2272489,35000000
tt0190138,The Whole Nine Yards,57262492,49109159,Warner Bros.,13731070,41300000
tt0190865,Vertical Limit,69243859,146420000,Sony Pictures Releasing,15507845,75000000
tt0195778,Here on Earth,10522168,350980,Twentieth Century Fox,4510705,15000000
tt0199626,In the Cut,4750602,18976191,Screen Gems,97625,-1
tt0208003,Big Momma's House,117559438,56400000,Twentieth Century Fox,25661041,30000000
tt0211181,102 Dalmatians,66957026,116654745,Walt Disney Studios Motion Pictures,19883351,85000000
tt0211933,Awake,14377198,18352864,MGM/Weinstein,5856872,8600000
tt0212338,Meet the Parents,166244045,164200000,Universal Pictures,28623300,55000000
tt0215750,Enemy at the Gates,51401758,45574512,Paramount Pictures,13810266,68000000
tt0218182,An Everlasting Piece,75228,-1,DreamWorks Distribution,9128,14000000
tt0218967,The Family Man,75793305,48951778,Universal Pictures,10554960,60000000
tt0233469,Collateral Damage,40077257,38305176,Warner Bros.,15058432,85000000
tt0235737,The Salton Sea,764554,308644,Warner Bros.,166309,-1
tt0241025,Vanity Fair,16136476,3326709,Focus Features,4800000,23000000
tt0241303,Chocolat,71509363,81190583,Miramax,157624,25000000
tt0243155,Bridget Jones's Diary,71543427,210386368,Miramax,10733933,25000000
tt0245844,Alexandre Dumas' The Count of Monte Cristo,54234062,21160986,Walt Disney Studios Motion Pictures,11376150,35000000
tt0246544,D'Artagnan,27073640,5460162,Universal Pictures,10312740,40000000
tt0247444,Juwanna Mann,13670733,131866,Warner Bros.,5474270,-1
tt0250687,Rat Race,56618055,28880479,Paramount Pictures,11662094,-1
tt0251110,Gypsy 83,29367,-1,Small Planet,5054,-1
tt0253474,The Pianist,32572577,87500000,Focus Features,111261,35000000
tt0257360,About Schmidt,65016287,40818269,New Line Cinema,282367,30000000
tt0257568,Kangaroo Jack,66934963,21994148,Warner Bros.,16580209,60000000
tt0257756,High Crimes,41543917,22237893,Twentieth Century Fox,14005550,42000000
tt0259324,Ghost Rider,115802596,112935797,Sony Pictures Releasing,45388836,110000000
tt0259446,My Big Fat Greek Wedding,241438208,127305836,IFC Films,597362,5000000
tt0262396,Empire,17600423,990849,Universal Pictures,6281415,4000000
tt0264464,Catch Me If You Can,164615351,187498961,DreamWorks Distribution,30053627,52000000
tt0265086,Black Hawk Down,108638745,64350906,Revolution Studios,179823,92000000
tt0265459,One Hour Photo,31597131,20626175,Fox Searchlight Pictures,321515,12000000
tt0265662,The Rookie,75600072,5093465,Walt Disney Studios Motion Pictures,16021684,22000000
tt0266915,Rush Hour 2,226164286,121161516,New Line Cinema,67408222,90000000
tt0268397,Jimmy Neutron: Boy Genius,80936232,22056304,Paramount Pictures,13832786,30000000
tt0268695,The Time Machine,56832494,66896682,DreamWorks Distribution,22610437,80000000
tt0270288,Confessions of a Dangerous Mind,16007718,17006087,Miramax,87199,30000000
tt0271027,KOD: Kiss of the Dragon,36845124,27592723,Twentieth Century Fox,13304027,25000000
tt0274711,People I Know,126793,5357509,Miramax,34211,-1
tt0279493,Undercover Brother,39089928,2514545,Universal Pictures,12037685,-1
tt0280707,Gosford Park,41308615,46445429,USA Films,241219,19800000
tt0281358,A Walk to Remember,41281092,6213824,Warner Bros.,12177488,11800000
tt0282687,Life or Something Like It,14448589,2424082,Twentieth Century Fox,6219234,40000000
tt0283139,White Oleander,16357770,5314514,Warner Bros.,5607480,16000000
tt0283883,And Now... Ladies and Gentlemen...,736872,2123913,Paramount Classics,49176,-1
tt0283897,Assassination Tango,1013272,-1,United Artists,64474,-1
tt0286244,The Triplets of Belleville,7007149,7769611,Sony Pictures Classics,108080,-1
tt0286499,Bend It Like Beckham,32543449,44039884,Fox Searchlight Pictures,161528,-1
tt0290145,Blue Car,465310,11241,Miramax,30087,-1
tt0291538,The Housekeeper,467288,4252493,Palm Pictures,42083,-1
tt0292610,The House on Turk Street,181600,1259053,MAC Releasing,127000,12000000
tt0297284,Mind Hunters,4480744,16668085,Dimension Films,2000000,-1
tt0298148,Shrek 2,441226247,487534523,DreamWorks Distribution,108037878,150000000
tt0300556,Timeline,19481943,24453820,Paramount Pictures,8440629,80000000
tt0301893,State Property,2106838,-1,Lionsgate,452028,-1
tt0303933,Drumline,56399184,1189301,Twentieth Century Fox,12604705,20000000
tt0305396,The Crocodile Hunter: Collision Course,28442574,4639974,Metro-Goldwyn-Mayer (MGM),9537123,12000000
tt0305632,Fascination,16670,-1,Metro-Goldwyn-Mayer (MGM),9018,5000000
tt0308383,The Human Stain,5381908,17572160,Miramax,1034195,30000000
tt0308508,Step Into Liquid,3681803,359785,Artisan Entertainment,135985,-1
tt0308878,The Shape of Things,735992,90625,Focus Features,173246,-1
tt0309377,Blood Work,26235081,5559637,Warner Bros.,7312413,50000000
tt0311289,Holes,67406573,4000000,Walt Disney Studios Motion Pictures,16300155,20000000
tt0312549,Chasing the Dragon: The Veronica Guerin Story,1571504,7868156,Walt Disney Studios Motion Pictures,611276,17000000
tt0314630,The Secret Lives of Dentists,3707346,56940,Manhattan Pictures,121769,-1
tt0317132,Because of Winn-Dixie,32647042,942385,Twentieth Century Fox,10208431,14000000
tt0317303,Daddy Day Care,104297061,60136806,Revolution Studios,27623580,60000000
tt0317648,Hidalgo,67303450,40737172,Walt Disney Studios Motion Pictures,18829435,100000000
tt0318374,The Cooler,8291572,2173216,Lionsgate,128973,-1
tt0318462,The Motorcycle Diaries,16781387,40881837,Focus Features,159819,-1
tt0319524,How to Deal,14195227,195102,New Line Cinema,5800000,16000000
tt0323944,Shattered Glass,2220008,724744,Lionsgate,77540,-1
tt0325805,Matchstick Men,36906460,28659212,Warner Bros.,13087307,-1
tt0326769,Biker Boyz,22076772,1433849,DreamWorks Distribution,10106992,24000000
tt0326856,Envy,13562325,931711,DreamWorks Distribution,6160886,40000000
tt0327036,Martin Lawrence Live: Runteldat,19184820,-1,Paramount Pictures,7374049,3000000
tt0327597,Coraline,75286229,49310608,Focus Features,16849640,60000000
tt0329691,Torque,21215059,25331138,Warner Bros.,9970557,40000000
tt0331952,The Clearing,5763875,6756924,Fox Searchlight Pictures,472781,-1
tt0332605,House of Fools,57862,99751,Paramount Classics,7246,-1
tt0334416,Stevie,103401,-1,Lionsgate,9383,-1
tt0335119,Girl with a Pearl Earring,11670971,21359144,Lionsgate,89472,-1
tt0335121,Godsend,14379751,15740920,Lionsgate,6900000,25000000
tt0338077,Grind,5123696,17470,Warner Bros.,2511403,6000000
tt0338216,Lucky You,5758950,2702736,Warner Bros.,2710445,-1
tt0338427,Shopgirl,10284523,1390638,Walt Disney Studios Motion Pictures,229685,-1
tt0338466,Stuck on You,33832741,31951762,Twentieth Century Fox,9411055,-1
tt0339071,Girls Will Be Girls,148047,-1,IFC Films,14361,-1
tt0340012,Being Julia,7739049,6600122,Sony Pictures Classics,122214,-1
tt0348593,The Door in the Floor,3854624,2860443,Focus Features,456876,7500000
tt0350261,An Unfinished Life,8586392,10031892,Miramax,749000,30000000
tt0351977,Walking Tall,46437717,10786173,Metro-Goldwyn-Mayer (MGM),15501114,46000000
tt0356910,Mr. & Mrs. Smith,186336279,300951367,Twentieth Century Fox,50342878,110000000
tt0357470,The Battle of Shaker Heights,280351,-1,Miramax,42569,-1
tt0360009,Spartan,4434432,3678280,Warner Bros.,2011435,-1
tt0361127,The Woodsman,1576231,3102174,Newmarket Films,53985,-1
tt0361500,Delgo,694782,-1,Freestyle Releasing,511920,40000000
tt0362120,Scary Movie 4,90710620,87552000,Dimension Films,40222875,45000000
tt0362269,Kinsey,10254979,6795038,Fox Searchlight Pictures,169038,11000000
tt0363163,Downfall,5509040,86672534,Newmarket Films,18195,-1
tt0364955,Art School Confidential,3297137,9492,Sony Pictures Classics,135733,-1
tt0366551,Harold & Kumar Go to White Castle,18250550,5686358,New Line Cinema,5200000,9000000
tt0367085,Soul Plane,14190750,631074,Metro-Goldwyn-Mayer (MGM),5648486,16000000
tt0368891,National Treasure,173008894,174503424,Walt Disney Studios Motion Pictures,35142554,100000000
tt0374536,Bewitched,63313159,68113010,Sony Pictures Releasing,20131130,85000000
tt0375063,Sideways,71503593,38203338,Fox Searchlight Pictures,207042,16000000
tt0375568,Astro Boy,19551067,20335919,Summit Entertainment,6702923,65000000
tt0375679,Crash,54580300,43829761,Lionsgate,9107071,6500000
tt0375912,L4yer Cake,2339957,9510257,Sony Pictures Classics,81706,-1
tt0376196,Slow Burn,1237615,559641,Lionsgate,778123,-1
tt0377091,Mean Creek,603951,198997,Paramount Classics,29170,-1
tt0377109,The Ring Two,76231249,87764700,DreamWorks Distribution,35065237,-1
tt0380389,Goal! The Dream Begins,4283255,23327618,Walt Disney Studios Motion Pictures,1921838,-1
tt0382992,Stealth,32116746,47151576,Sony Pictures Releasing,13251545,135000000
tt0384680,The Weather Man,12482775,6643623,Paramount Pictures,4248465,22000000
tt0384793,Accepted,36323505,2299757,Universal Pictures,10023835,23000000
tt0385726,Glory Road,42647449,291000,Walt Disney Studios Motion Pictures,13594734,-1
tt0387059,Bee Season,1180560,5676429,Fox Searchlight Pictures,120544,14000000
tt0387514,Prime,22827153,45110341,Universal Pictures,6220935,22000000
tt0389557,Black Book,4398532,22370031,Sony Pictures Classics,112521,21000000
tt0393735,The Shaggy Dog,61123569,26010711,Walt Disney Studios Motion Pictures,16310058,-1
tt0396269,Wedding Crashers,209255921,79211724,New Line Cinema,32200000,40000000
tt0398808,Bridge to Terabithia,82272442,55314621,Walt Disney Studios Motion Pictures,22564612,-1
tt0400717,Open Season,85105259,115706430,Sony Pictures Releasing,23624548,85000000
tt0402894,Casanova,11304403,26387241,Walt Disney Studios Motion Pictures,119276,-1
tt0403508,The Sisterhood of the Traveling Pants,39053061,2960817,Warner Bros.,9833340,25000000
tt0403702,Youth in Revolt,15281286,4369807,Dimension Films,6888334,18000000
tt0404390,Running Scared,6855137,2524892,New Line Cinema,3075000,15000000
tt0405296,A Scanner Darkly,5501616,2158302,Warner Independent Pictures (WIP),391672,-1
tt0405325,Sky High,63946815,22423000,Walt Disney Studios Motion Pictures,14631784,35000000
tt0408790,Flightplan,89707299,133680000,Walt Disney Studios Motion Pictures,24629938,-1
tt0408961,Kids in America,537667,-1,Slowhand Cinema Releasing,440228,-1
tt0409379,Therese,444179,208049,Roadside Attractions,265586,-1
tt0410097,Hustle & Flow,22202809,1360918,Paramount Classics,8017808,2800000
tt0410377,Nim's Island,48006762,52097803,Twentieth Century Fox,13210579,37000000
tt0414387,Pride & Prejudice,38405088,83211467,Focus Features,2804000,-1
tt0416212,The Secret Life of Bees,37770162,2182275,Fox Searchlight Pictures,10527799,11000000
tt0418038,Outfoxed: Rupert Murdoch's War on Journalism,461572,-1,Cinema Libre Studio,77982,200000
tt0418753,Inside Deep Throat,691880,17952,Universal Pictures,88709,2000000
tt0422720,Marie Antoinette,15962471,44954718,Sony Pictures Releasing,5361050,40000000
tt0424095,Ratropolis,64665672,113615882,DreamWorks,18814323,149000000
tt0424908,Copying Beethoven,384029,5807717,Metro-Goldwyn-Mayer (MGM),70460,-1
tt0426883,Jesse James Hollywood,15309602,17041523,Universal Pictures,6412775,-1
tt0427229,Failure to Launch,88715192,41508966,Paramount Pictures,24411322,50000000
tt0427470,The Lookout,4600585,770596,Miramax,2007000,16000000
tt0427968,Trust the Man,1530535,5822583,Fox Searchlight Pictures,180271,-1
tt0429589,The Ant Bully,28142535,27038594,Warner Bros.,8432465,50000000
tt0429591,Aquamarine,18597342,4392615,Twentieth Century Fox,7482669,12000000
tt0430304,Little Man,58645052,45358270,Revolution Studios,21613176,64000000
tt0430357,Miami Vice,63450470,100780826,Universal Pictures,25723815,135000000
tt0431308,P.S. I Love You,53695808,103139531,Warner Bros.,6481221,30000000
tt0432283,Fantastic Mr. Fox,21002919,25468104,Twentieth Century Fox,265900,40000000
tt0433416,The Namesake,13569248,6785073,Fox Searchlight Pictures,248552,9500000
tt0435651,The Giver,45090374,21890082,The Weinstein Company,12305016,25000000
tt0436331,Friends with Money,13368437,4876807,Sony Pictures Classics,637000,6500000
tt0441909,To Return,12899867,72685310,Sony Pictures Classics,202000,-1
tt0443446,Don't Tell,29015,5894400,Lionsgate,13805,-1
tt0443649,"10,000 BC",94784201,175000000,Warner Bros.,35867488,105000000
tt0444682,The Reaping,25126214,37644845,Warner Bros.,10025203,-1
tt0445620,Paradise Now,1457843,2122059,Warner Independent Pictures (WIP),48023,2000000
tt0445934,Blades of Glory,118594548,27115799,DreamWorks,33014202,61000000
tt0446755,The Painted Veil,8060487,18850360,Warner Independent Pictures (WIP),51086,-1
tt0448166,Two Weeks,47986,-1,Metro-Goldwyn-Mayer (MGM),-1,-1
tt0449467,Babel,34302837,101027345,Paramount Vantage,389351,-1
tt0450188,La Vie En Rose,10301706,75973087,Picturehouse,179848,25000000
tt0450385,1408,71985628,60977789,MGM/Weinstein,20617667,25000000
tt0451069,The Gospel,15778152,-1,Screen Gems,7523571,4000000
tt0452623,Gone Baby Gone,20292962,14319481,Miramax,2299000,19000000
tt0452694,The Time Traveler's Wife,63414846,37929566,Warner Bros.,18623171,39000000
tt0453451,Mr. Bean's Holiday,33302167,198923741,Universal Pictures,9889780,-1
tt0453494,Hoot,8117637,107361,New Line Cinema,3400000,15000000
tt0454776,Amazing Grace,21250683,10869677,IDP Distribution,4305000,-1
tt0454848,Inside Man,88513495,97490096,Universal Pictures,28954945,45000000
tt0454876,Life of Pi,124987023,484029542,Twentieth Century Fox,22451514,120000000
tt0454919,Pulse,20264436,9643249,Dimension Films,8203822,20500000
tt0455538,How to Lose Friends & Alienate People,2778752,16373257,Metro-Goldwyn-Mayer (MGM),1430294,28000000
tt0455805,Then She Found Me,3735717,4708281,THINKFilm,72594,-1
tt0455824,Australia,49554002,162233509,Twentieth Century Fox,14800723,130000000
tt0455857,When a Stranger Calls,47860214,19201909,Screen Gems,21607203,15000000
tt0455967,John Tucker Must Die,41011711,27833064,Twentieth Century Fox,14276534,18000000
tt0457495,Alex Rider: Operation Stormbreaker,677646,23260224,The Weinstein Company,-1,-1
tt0457513,Untitled Woody Allen Fall Project 2006,10525717,28695229,Focus Features,3003000,-1
tt0458352,The Devil Wears Prada,124740460,203153280,Twentieth Century Fox,27537244,35000000
tt0460792,Coyote,1005539,1203783,Fox Searchlight Pictures,410804,-1
tt0462200,Black Snake Moan,9396870,1510615,Paramount Vantage,4143199,15000000
tt0463034,"You, Me and Dupree",75628110,55000793,Universal Pictures,21525560,54000000
tt0463998,Freedom Writers,36605602,6489573,Paramount Pictures,9405582,21000000
tt0464141,The Orphanage,7161284,71477703,Picturehouse,233323,-1
tt0465502,Igor,19528602,11365283,Metro-Goldwyn-Mayer (MGM),7803347,25000000
tt0465538,Michael Clayton,49033882,43957953,Warner Bros.,719910,-1
tt0466893,Margaret,46495,518369,Fox Searchlight Pictures,7525,14000000
tt0469263,The Astronaut Farmer,11003643,127246,Warner Bros.,4454319,13000000
tt0469623,Things We Lost in the Fire,3287315,5303940,DreamWorks,1561949,-1
tt0470765,For Your Consideration,5549923,375714,Warner Independent Pictures (WIP),372012,-1
tt0472050,Bart Got a Room,53760,-1,Anchor Bay Films,32763,-1
tt0475998,The Pirates Who Don't Do Anything: A VeggieTales Movie,12981269,266456,Universal Pictures,4251320,-1
tt0477095,Starter for 10,216839,1519555,Picturehouse,37141,-1
tt0477348,No Country for Old Men,74283625,97343541,Miramax,1202000,-1
tt0479528,Rogue,10452,4621474,Third Rail Releasing,7711,-1
tt0479884,Crank,27838408,15092633,Lionsgate,10457367,12000000
tt0482599,Shutter,25928550,22626756,Twentieth Century Fox,10447559,-1
tt0482603,Space Chimps,30105968,34991725,Twentieth Century Fox,7181374,37000000
tt0483726,Man of the Year,37327390,5145082,Universal Pictures,12299380,-1
tt0485601,The Secret of Kells,676775,1126637,GKIDS,39826,8000000
tt0485985,Red Tails,49876377,489121,Twentieth Century Fox,18782154,58000000
tt0486028,Three,1008849,411569,The Bigger Picture,740000,2400000
tt0486259,American Teen,942441,187829,Paramount Vantage,45589,-1
tt0486551,Beerfest,19185184,1202413,Warner Bros.,7031228,-1
tt0486822,Disturbia,80209692,37904528,DreamWorks,22224982,20000000
tt0489049,Fanboys,688529,272674,The Weinstein Company,171533,-1
tt0489099,Jumper,80172128,144959985,Twentieth Century Fox,27354808,85000000
tt0489237,The Nanny Diaries,25930652,21886368,MGM/Weinstein,7480927,-1
tt0489270,Saw III,80238724,84635551,Lionsgate,33610391,10000000
tt0489282,Strange Wilderness,6575282,389452,Paramount Classics,3001719,-1
tt0490196,Phat Girlz,7061128,342363,Fox Searchlight Pictures,3109924,3000000
tt0491747,Away from Her,4571521,4622762,Lionsgate,114628,-1
tt0493405,CHIPS,18600152,8200000,Warner Bros.,7722802,25000000
tt0493464,Wanted,134508551,207954512,Universal Pictures,50927085,75000000
tt0497972,Sex and Death 101,23624,1205706,Anchor Bay Films,13516,-1
tt0758746,Friday the 13th,65002019,26507135,Warner Bros.,40570365,19000000
tt0758758,Into the Wild,18354356,38320121,Paramount Vantage,212440,-1
tt0762114,License to Wed,43799818,26381507,Warner Bros.,10422258,-1
tt0762125,Planet 51,42194060,63453042,Sony Pictures Releasing,12286129,70000000
tt0770752,Fool's Gold,70231041,41000000,Warner Bros.,21589295,70000000
tt0775529,The Savages,6623082,4030139,Fox Searchlight Pictures,151859,-1
tt0780504,Drive,35061555,41915111,FilmDistrict,11340461,15000000
tt0780622,Teeth,347578,1992532,Roadside Attractions,29521,-1
tt0785006,Hotel for Dogs,73034460,44218118,DreamWorks,17012212,-1
tt0785077,Who's Your Caddy?,5713425,-1,MGM/Weinstein,2756661,-1
tt0791304,Georgia Rule,19103072,5897095,Universal Pictures,6773870,-1
tt0800027,Feast of Love,3511074,2230534,Metro-Goldwyn-Mayer (MGM),1707967,-1
tt0800039,Forgetting Sarah Marshall,63172463,42660794,Universal Pictures,17725330,30000000
tt0800069,The Hills Have Eyes 2,20804166,16893607,Fox Atomic,9686362,15000000
tt0800308,Appaloosa,20211394,7500968,Warner Bros.,248847,20000000
tt0800320,Clash of the Titans,163214888,330000105,Warner Bros.,61235105,125000000
tt0804516,P2,3995018,3771222,Summit Entertainment,2083398,-1
tt0805564,Lars and the Real Girl,5972884,5320779,Metro-Goldwyn-Mayer (MGM),90418,12000000
tt0808279,Funny Games,1294919,6643953,Warner Independent Pictures (WIP),544833,-1
tt0814075,Deliver Us from Evil,201275,125930,Lionsgate,15656,-1
tt0816442,The Book Thief,21488481,55097835,Twentieth Century Fox,105005,-1
tt0821642,Imagining Beethoven,31720158,6612836,DreamWorks,9716458,-1
tt0822847,Priest,29137000,49172505,Screen Gems,14953664,60000000
tt0825232,The Bucket List,93466502,81906000,Warner Bros.,335837,45000000
tt0825236,Caramel,1055580,13193169,Roadside Attractions,71916,-1
tt0828393,Garden Party,21886,-1,Roadside Attractions,10876,-1
tt0837562,Hotel Transylvania,148313048,210062555,Sony Pictures Releasing,42522194,85000000
tt0844671,College,4694636,1570847,Metro-Goldwyn-Mayer (MGM),2153109,7000000
tt0845046,Son of Rambow,1785505,9085944,Paramount Vantage,53789,-1
tt0857191,The Visitor,9427089,8770429,Overture Films,86488,-1
tt0859635,Super Troopers 2,30617396,1008990,Twentieth Century Fox,15181624,13500000
tt0866437,The Jane Austen Book Club,3575227,3588339,Sony Pictures Classics,148549,-1
tt0870195,Before the Rains,1029655,287067,Roadside Attractions,48159,-1
tt0881891,All About Steve,33862903,6242639,Twentieth Century Fox,11241214,-1
tt0887883,Burn After Reading,60355347,103373555,Focus Features,19128001,37000000
tt0887912,The Hurt Locker,17017811,32212961,Summit Entertainment,145352,15000000
tt0888693,Ferris Wheel,170392,38603,Overture Films,47762,-1
tt0890870,Saw IV,63300095,76052538,Lionsgate,31756764,-1
tt0891527,Lions for Lambs,15002854,49808686,United Artists,6702434,35000000
tt0891592,Street Fighter: The Legend of Chun-Li,8742261,4021940,Twentieth Century Fox,4721110,-1
tt0892318,Letters to Juliet,53032453,26596377,Summit Entertainment,13540486,30000000
tt0903624,The Hobbit: An Unexpected Journey,303003568,714000000,Warner Bros.,84617303,-1
tt0926129,Prom Night,43869350,13328526,Screen Gems,20804941,20000000
tt0947798,Black Swan,106954678,222443368,Fox Searchlight Pictures,1443809,13000000
tt0960731,Bedtime Stories,110101975,102772889,Walt Disney Studios Motion Pictures,27450296,80000000
tt0963194,Repo! The Genetic Opera,146750,41376,Lionsgate,53684,-1
tt0963794,The Ruins,17432844,5385412,DreamWorks,8003421,-1
tt0964539,Pathology,109846,3124860,Metro-Goldwyn-Mayer (MGM),54244,-1
tt0981227,Nick and Norah's Infinite Playlist,31487293,2069338,Sony Pictures Releasing,11311751,10000000
tt0986263,Surrogates,38577772,83867000,Walt Disney Studios Motion Pictures,14902692,80000000
tt0988595,27 Dresses,76808654,85846697,Twentieth Century Fox,23007725,30000000
tt1007029,The Iron Lady,30017992,85872707,The Weinstein Company,220409,-1
tt1014763,Child 44,1224330,11726763,Lionsgate,621812,-1
tt1018785,The Sisterhood of the Traveling Pants 2,44089964,262453,Warner Bros.,10678430,27000000
tt1020072,Selma,52076908,14711000,Paramount Pictures,571450,20000000
tt1037705,The Book of Eli,94835059,62272696,Warner Bros.,32789494,80000000
tt1038686,Legion,40168080,27750578,Screen Gems,17501625,26000000
tt1041829,The Proposal,163958031,153417000,Walt Disney Studios Motion Pictures,33627598,40000000
tt1042877,Cadillac Records,8195551,688093,Sony Pictures Releasing,3445559,12000000
tt1045658,Silver Linings Playbook,132092958,104319495,The Weinstein Company,443003,21000000
tt1054588,Flash of Genius,4442377,360576,Universal Pictures,2251075,-1
tt1074638,Skyfall,304360277,804200736,Sony Pictures Releasing,88364714,200000000
tt1078588,My Sister's Keeper,49200230,46514645,Warner Bros.,12442212,30000000
tt1091229,Made in China,921738,12517742,Warner Bros.,629921,-1
tt1104733,Hamlet 2,4886216,39072,Focus Features,439925,9000000
tt1107319,Dirty Girl,55125,88360,The Weinstein Company,17859,-1
tt1111948,Soul Men,12082391,249246,MGM/Weinstein,5401605,-1
tt1114677,Hannah Montana: The Movie,79576189,75969090,Walt Disney Studios Motion Pictures,32324487,-1
tt1124037,Free State of Jones,20810036,4225914,STX Entertainment,7572206,50000000
tt1126618,Morning Glory,31011732,29029244,Paramount Pictures,9203266,40000000
tt1129423,Fireproof,33456317,16980,The Samuel Goldwyn Company,6836036,500000
tt1130080,The Informant!,33316821,8454347,Warner Bros.,10464314,22000000
tt1135487,Duplicity,40572825,37603356,Universal Pictures,13965110,60000000
tt1135503,Julie & Julia,94125426,35415096,Sony Pictures Releasing,20027956,40000000
tt1135525,The Slammin' Salmon,41587,18834,Anchor Bay Films,26167,-1
tt1139592,Jeepers Creepers III,2335162,1682690,Screen Media Films,19151,-1
tt1161418,Gentlemen Broncos,113682,4810,Fox Searchlight Pictures,11502,10000000
tt1174041,Me and Mrs Khanna,197183,234447,UTV Motion Pictures,121134,-1
tt1175506,Me and Orson Welles,1190003,1146169,Freestyle Releasing,63638,25000000
tt1179258,Chéri,2715657,6652585,Miramax,405701,23000000
tt1182937,A Match Made by God,2078956,27835513,Yash Raj Films,920995,-1
tt1186370,Spread,250618,11785244,Anchor Bay Films,122948,-1
tt1195478,The Five-Year Engagement,28835528,25333835,Universal Pictures,10610060,30000000
tt1205489,Gran Torino,148095302,121862926,Warner Bros.,271720,33000000
tt1210819,The Lone Ranger,89302115,171200000,Walt Disney Studios Motion Pictures,29210849,215000000
tt1212419,Hereafter,32746941,74209389,Warner Bros.,220322,50000000
tt1217613,Battle Los Angeles,83552429,128266925,Sony Pictures Releasing,35573187,70000000
tt1226753,The Debt,31177548,14458820,Focus Features,9909499,20000000
tt1233227,Saw VI,27693292,40540862,Lionsgate,14118444,11000000
tt1235187,Where Hands Touch,67743,60526,Vertical Entertainment,67743,-1
tt1235522,Broken City,19701164,15036035,Twentieth Century Fox,8268908,35000000
tt1235830,Chico & Rita,350524,1997395,GKIDS,20654,-1
tt1237838,Mystery Team,89442,-1,Roadside Attractions,7840,-1
tt1245526,RED,90380162,108626225,Summit Entertainment,21761408,58000000
tt1247662,The Good Guy,100688,-1,Roadside Attractions,34712,10000000
tt1250777,Kick-Ass,48071303,48117600,Lionsgate,19828687,30000000
tt1251757,Middle Men,754301,-1,Paramount Vantage,325641,20000000
tt1267297,Hercules,72688614,172131248,Paramount Pictures,29800263,100000000
tt1270277,Sympathy for Delicious,13826,-1,Maya Entertainment,9448,-1
tt1273221,London Fields,252676,234744,GVN Releasing,168575,-1
tt1277737,The Stoning of Soraya M.,637421,483055,Roadside Attractions,115053,-1
tt1285016,The Social Network,96962694,127957621,Sony Pictures Releasing,22445653,40000000
tt1286821,More Than a Game,950675,9712,Lionsgate,182943,-1
tt1293847,xXx: Return of Xander Cage,44898413,301219864,Paramount Pictures,20130142,85000000
tt1300851,The Boondock Saints II: All Saints Day,10273188,356133,Apparition,546687,8000000
tt1307068,Seeking a Friend for the End of the World,7078738,4603043,Focus Features,3822803,10000000
tt1312254,Skateland,19411,-1,Freestyle Releasing,5254,-1
tt1314655,Devil,33601190,29094299,Universal Pictures,12289375,-1
tt1318517,The Man Who Killed Don Quixote,391963,1998420,Screen Media Films,-1,-1
tt1321511,Oldboy,2193658,2993109,FilmDistrict,885382,30000000
tt1321860,The Beaver,970816,6323984,Summit Entertainment,107577,21000000
tt1322312,Going the Distance,17804299,24254812,Warner Bros.,6884964,32000000
tt1327194,The Lucky One,60457138,38900000,Warner Bros.,22518358,-1
tt1332100,The Big Gay Musical,24140,-1,,8053,-1
tt1365519,Tomb Raider,58250803,216400000,Warner Bros.,23633317,94000000
tt1371111,Cloud Atlas,27108272,103374596,Warner Bros.,9612247,-1
tt1396221,Passion Play,3669,21934,Image Entertainment,2100,-1
tt1408253,Ride Along,134938200,19530702,Universal Pictures,41516170,25000000
tt1415283,Nanny McPhee Returns,29011215,64239906,Universal Pictures,8407685,35000000
tt1433813,Hubble 3D,52520499,21720502,Warner Bros.,413477,-1
tt1440292,Submarine,467602,3407571,The Weinstein Company,41832,-1
tt1441952,Salmon Fishing in the Yemen,9047981,25516670,CBS Films,225894,-1
tt1446192,Rise of the Guardians,103412758,203528912,DreamWorks,23773465,145000000
tt1448755,Killer Elite,25124966,31959556,Open Road Films (II),9352008,70000000
tt1458169,Kidnap,30971040,3843062,Aviron Pictures,10016323,21000000
tt1462758,Buried,1044143,18395621,Lionsgate,100268,-1
tt1469304,Baywatch,58060186,119796565,Paramount Pictures,18503871,69000000
tt1477837,Cedar Rapids,6861102,867834,Fox Searchlight Pictures,302968,-1
tt1478839,The Art of Racing in the Rain,26395642,7371145,Twentieth Century Fox,8137584,-1
tt1480656,Cosmopolis,763556,6265539,Entertainment One,70339,-1
tt1485796,The Greatest Showman,174340174,260653009,Twentieth Century Fox,8805843,84000000
tt1499658,Horrible Bosses,117538559,92300000,Warner Bros.,28302165,35000000
tt1520498,The Oogieloves in the Big Balloon Adventure,1065907,-1,Kenn Viselman Presents,443901,20000000
tt1524137,Contraband,66528000,29734212,Universal Pictures,24349815,25000000
tt1532957,Father,199228,31194,Big Pictures,199228,-1
tt1533013,Beautiful Boy,77247,62876,Anchor Bay Films,16162,-1
tt1535612,The Son of No One,30680,1060452,Anchor Bay Films,18015,-1
tt1545106,Vamps,3361,89387,Anchor Bay Films,548,-1
tt1545660,Knights of Badassdom,123854,-1,Entertainment One,17449,-1
tt1549920,The Last Stand,12050299,36280458,Lionsgate,6281433,45000000
tt1560957,I Want Your Money,433588,-1,Freestyle Releasing,249428,-1
tt1563742,Overboard,50316123,40928790,Pantelion Films,14711101,12000000
tt1564585,Skyline,21393620,45591267,Universal Pictures,11692415,10000000
tt1566648,Waiting for 'Superman',6417135,16553,Paramount Vantage,139033,-1
tt1572311,Tees Maar Khan,1076443,1377971,UTV Motion Pictures,539793,-1
tt1599348,Safe House,126373434,81702771,Universal Pictures,40172720,85000000
tt1600195,Abduction,28087155,54000000,Lionsgate,10925253,35000000
tt1606389,The Vow,125014030,71100540,Screen Gems,41202458,30000000
tt1618432,I'm in Love with a Church Girl,2387730,115662,High Top Releasing,971826,-1
tt1620981,The Addams Family,100044905,103000000,United Artists Releasing,30300007,-1
tt1630036,Courageous,34522221,663663,TriStar Pictures,9112839,2000000
tt1633356,Shark Night 3D,18877153,22486774,Relativity Media,8404260,25000000
tt1646971,How to Train Your Dragon 2,177002924,444534595,Twentieth Century Fox,49451322,145000000
tt1646987,Clash of the Titans 2,83670083,218300000,Warner Bros.,33457188,150000000
tt1647668,Million Dollar Arm,36457627,2025828,Walt Disney Studios Motion Pictures,10515659,25000000
tt1648190,The Dark Tower,50701325,62529753,Sony Pictures Releasing,19153698,60000000
tt1653665,Goodbye Christopher Robin,1735251,5666698,Fox Searchlight Pictures,57917,-1
tt1655460,Wanderlust,17450535,6362281,Universal Pictures,6526650,-1
tt1658801,Freeheld,573335,901136,Lionsgate,37983,-1
tt1663143,Fun Size,9409538,2007824,Paramount Pictures,4101017,14000000
tt1664894,Cave of Forgotten Dreams,5304920,2878427,IFC Films,139101,-1
tt1666185,All Eyez on Me,44922302,10746396,Lionsgate,26435354,40000000
tt1670345,Now You See Me,117723989,234000000,Lionsgate,29350389,75000000
tt1673434,The Twilight Saga: Breaking Dawn - Part 2,292324737,537422083,Lionsgate,141067634,120000000
tt1679335,Trolls,153707064,193157398,Twentieth Century Fox,46581142,125000000
tt1691916,Before I Fall,12241122,4132721,Open Road Films (II),4690214,-1
tt1702439,Safe Haven,71349120,26245020,Relativity Media,21401594,28000000
tt1710396,Joyful Noise,30932113,226000,Warner Bros.,11225190,-1
tt1731141,Ender's Game,61737191,63806833,Lionsgate,27017351,110000000
tt1741243,Pawn Shop Chronicles,8088,1992,Anchor Bay Films,4915,-1
tt1742650,I Don't Know How She Does It,9662284,21747867,The Weinstein Company,4402201,24000000
tt1748122,Moonrise Kingdom,45512466,22750700,Focus Features,522996,16000000
tt1748227,The Collection,6842058,3087648,LD Entertainment,3104269,-1
tt1772240,Apollo 18,17687709,8548444,Dimension Films,8704271,5000000
tt1781840,Jayne Mansfield's Car,14836,64342,Anchor Bay Films,9320,-1
tt1798603,Bad Santa 2,17782178,6297090,Broad Green Pictures,6176680,26000000
tt1798709,Her,25568251,22848272,Warner Bros.,260382,23000000
tt1810683,Little Boy,6485961,11086328,Open Road Films (II),2750356,-1
tt1817273,The Place Beyond the Pines,21403519,25649380,Focus Features,279457,15000000
tt1826590,About Last Night,48637684,1808176,Screen Gems,25649011,12500000
tt1837562,A Royal Night Out,228136,4551034,Atlas Distribution Company,100847,-1
tt1837709,Winter's Tale,12600231,18200000,Warner Bros.,7297694,60000000
tt1841542,Chillar Party,6330,825820,UTV Motion Pictures,4155,-1
tt1855199,End of Watch,41003371,14074775,Open Road Films (II),13152683,7000000
tt1862079,Safety Not Guaranteed,4010957,413742,FilmDistrict,97762,-1
tt1865346,Detention of the Dead,1777,-1,Anchor Bay Films,1332,-1
tt1893256,Redemption,36895,12634214,Roadside Attractions,19977,-1
tt1907668,Flight,93772375,68000000,Paramount Pictures,24900566,31000000
tt1915581,Magic Mike,113721571,54017797,Warner Bros.,39127170,7000000
tt1921064,Pompeii,23219748,94611883,TriStar Pictures,10340823,100000000
tt1925479,Officer Down,1463,253617,Anchor Bay Films,1061,-1
tt1929263,Heaven Is for Real,91443253,9889709,TriStar Pictures,22522221,12000000
tt1935194,Overdrive,7793,9642759,Vertical Entertainment,4797,-1
tt1959563,The Hitman's Bodyguard,75468583,105182164,Lionsgate,21384504,30000000
tt1961175,American Assassin,36249674,30984514,Lionsgate,14846778,33000000
tt1966604,The Imposter,898317,2103560,Indomina Media,22379,-1
tt1974382,The Challenger,19003,-1,Wingate Distribution,12246,-1
tt1981677,Pitch Perfect,65001093,50349333,Universal Pictures,5149433,17000000
tt2006295,The 33,12227722,15744301,Warner Bros.,5787266,-1
tt2016894,Once There Was a Tiger,2347774,3195343,Yash Raj Films,1139340,-1
tt2024469,Non Stop,92168600,130641000,Universal Pictures,28875635,50000000
tt2048824,Old Fashioned,1914090,-1,Freestyle Releasing,38965,-1
tt2083383,Trouble with the Curve,35763137,13200000,Warner Bros.,12162040,-1
tt2094064,Much Ado About Nothing,4328849,1012372,Roadside Attractions,171942,-1
tt2140577,The Pretty One,13769,-1,Dada Films,1484,-1
tt2140619,Two Night Stand,18612,473720,Entertainment One,15600,-1
tt2167202,Getaway,10501938,1304494,Warner Bros.,4503892,18000000
tt2194499,About Time,15322921,71777528,Universal Pictures,1076250,-1
tt2247476,When the Game Stands Tall,30127963,10791,TriStar Pictures,8381509,15000000
tt2267998,Gone Girl,167767189,201563174,Twentieth Century Fox,37513109,61000000
tt2274648,Hellboy,21903748,22760942,Lionsgate,12045147,50000000
tt2294677,In a World...,2963902,151051,Roadside Attractions,70541,-1
tt2306745,Sound City,422853,98328,Variance Films,62842,-1
tt2312890,Afternoon Delight,174496,1259,The Film Arcade,27352,-1
tt2318092,Endless Love,23438250,11279923,Universal Pictures,13307125,20000000
tt2318625,Out in the Dark,26966,39051,Breaking Glass Pictures,14067,-1
tt2390962,The Unknown Known,276497,25107,RADiUS-TWC,64315,-1
tt2398231,The Homesman,2429989,1389432,Saban Films,45433,-1
tt2401715,The Devil's Violinist,11294,3940803,Freestyle Releasing,8013,-1
tt2403393,Until I Rise,155271,282894,Relativity Media,40763,-1
tt2446042,Taken 3,89256424,237222717,Twentieth Century Fox,39201657,48000000
tt2446980,Joy,56451232,44682827,Twentieth Century Fox,17015168,60000000
tt2458776,Bears,17780194,3536551,Walt Disney Studios Motion Pictures,4776267,-1
tt2463288,Walk of Shame,59209,8063781,Focus World,39751,-1
tt2473602,Get on Up,30703100,2745871,Universal Pictures,13585915,-1
tt2513074,Billy Lynn's Long Halftime Walk,1738477,29192507,TriStar Pictures,114129,-1
tt2515034,The Gunman,10664749,13512388,Open Road Films (II),5028702,40000000
tt2582500,Shut In,6900335,6181736,EuropaCorp,3613567,-1
tt2582784,Flower,328188,52365,The Orchard,48919,-1
tt2609912,Kevin Hart: Let Me Explain,32244051,74000,Lionsgate,10030463,-1
tt2614684,'71,1270847,1791331,Roadside Attractions,55761,-1
tt2652092,The Good Lie,2722209,674136,Warner Bros.,841422,-1
tt2714380,The Remaining,1169603,1127658,Triumph Releasing Corporation,159143,-1
tt2719848,Everest,43482270,159945314,Universal Pictures,7222035,55000000
tt2726560,The Longest Ride,37446117,25498698,Twentieth Century Fox,13019686,34000000
tt2763304,T2 Trainspotting,2402004,39279742,TriStar Pictures,170575,18000000
tt2784512,Zombeavers,14947,40038,Freestyle Releasing,8163,-1
tt2788732,Pete's Dragon,76233151,67462187,Walt Disney Studios Motion Pictures,21514095,65000000
tt2798920,Annihilation,32732301,10338614,Paramount Pictures,11071584,40000000
tt2799166,The Pyramid,2756333,14104804,Twentieth Century Fox,1369935,-1
tt2822742,3 Hearts,161129,2916625,Cohen Media Group,11794,-1
tt2828996,A Haunted House 2,17329486,8029230,Open Road Films (II),8843875,4000000
tt2844798,White God,282358,299546,Magnolia Pictures,16139,-1
tt2865120,Ratchet & Clank,8821329,4564408,Focus Features,4869278,-1
tt2869728,Ride Along 2,91221830,33383467,Universal Pictures,35243095,40000000
tt2870648,Amy,8413144,15292905,A24,222500,-1
tt2872462,Mistress America,2500431,840306,Fox Searchlight Pictures,93206,-1
tt2873282,Red Sparrow,46874505,104698129,Twentieth Century Fox,16853422,69000000
tt2876428,"Buen día, Ramón",154356,4950512,FIP,51105,-1
tt2884018,Macbeth,1110707,15211360,The Weinstein Company,69833,-1
tt2884206,I Origins,336472,144762,Fox Searchlight Pictures,27652,-1
tt2932536,47 Meters Down,44307191,17880338,Entertainment Studios Motion Pictures,11205561,5300000
tt2935510,Ad Astra,50188370,82619057,Twentieth Century Fox,19001398,-1
tt2980472,Just Before I Go,10970,-1,Anchor Bay Films,8129,-1
tt2980516,The Theory of Everything,35893537,87833151,Focus Features,208763,15000000
tt3062880,Gett,988150,271010,Music Box Films,24210,-1
tt3065132,He Named Me Malala,2668936,764670,Fox Searchlight Pictures,61808,-1
tt3072482,Hardcore Henry,9252038,7558524,STX Entertainment,5107604,-1
tt3074780,Supermensch: The Legend of Shep Gordon,213064,7001,RADiUS-TWC,23017,-1
tt3076658,Creed,109767581,63800000,Warner Bros.,29632823,35000000
tt3086442,Goodnight Mommy,1178196,1015278,RADiUS-TWC,63641,-1
tt3110958,Now You See Me 2,65075540,269822066,Lionsgate,22383146,-1
tt3147312,Desierto,2002036,2922954,STX Entertainment,514282,-1
tt3164256,Rock the Kasbah,3020664,373510,Open Road Films (II),1470592,-1
tt3168230,Mr. Holmes,17737646,11617557,Roadside Attractions,2434908,-1
tt3184934,The New Girlfriend,146754,5069042,Cohen Media Group,39035,-1
tt3203620,The Dinner,1323312,1221609,The Orchard,653944,-1
tt3208026,Black '47,57520,2015543,IFC Films,8600,-1
tt3224458,A Beautiful Day in the Neighborhood,61638367,5560171,Sony Pictures Releasing,13251238,25000000
tt3235888,It Follows,14674076,6854517,RADiUS-TWC,160089,-1
tt3262990,Brotherly Love,478595,-1,Freestyle Releasing,246902,-1
tt3315342,Logan,226277068,392744368,Twentieth Century Fox,88411916,97000000
tt3332064,Pan,35088320,93300000,Warner Bros.,15315435,150000000
tt3387520,Scary Stories to Tell in the Dark,68947075,36700505,Lionsgate,20915346,25000000
tt3393786,Jack Reacher 2,58697076,103449000,Paramount Pictures,22872490,60000000
tt3402236,Murder on the Orient Express,102826543,249963268,Twentieth Century Fox,28681472,55000000
tt3409848,Zama,200600,289092,Strand Releasing,26123,-1
tt3422078,April and the Extraordinary World,295488,200391,GKIDS,11413,-1
tt3450650,Paul Blart: Mall Cop 2,71038190,36550035,Sony Pictures Releasing,23762435,30000000
tt3470600,Sing,270395425,363756254,Universal Pictures,35258145,75000000
tt3499096,Race,19206207,5864054,Focus Features,7353922,-1
tt3531824,Nerve,38583626,46667799,Lionsgate,9445456,19000000
tt3544112,Sing Street,3237118,10387404,The Weinstein Company,63573,-1
tt3569230,Legend,1872994,41100000,Universal Pictures,86836,-1
tt3606752,Cars 3,152901115,231029541,Walt Disney Studios Motion Pictures,53688680,-1
tt3628584,Barbershop: The Next Cut,54030051,1000000,Warner Bros.,20242415,-1
tt3631112,The Girl on the Train,75395035,97790824,Universal Pictures,24536265,45000000
tt3707106,By the Sea,538460,2796467,Universal Pictures,96250,10000000
tt3713166,Unfriended,32482090,30400000,Universal Pictures,15845115,1000000
tt3716530,Elle,2341534,10407060,Sony Pictures Classics,50934,-1
tt3721936,American Honey,663246,1627403,A24,71203,-1
tt3748512,Hitchcock/Truffaut,260430,126041,Cohen Media Group,28178,-1
tt3760922,My Big Fat Greek Wedding 2,59689605,30943036,Universal Pictures,17861950,-1
tt3766354,The Equalizer 2,102084362,88315795,Sony Pictures Releasing,36011640,62000000
tt3774466,Ashby,4631,118288,The Film Arcade,4631,-1
tt3787590,We Are Your Friends,3591417,7530673,Warner Bros.,1767308,-1
tt3813310,Cop Car,134552,9106,Focus World,26146,-1
tt3841424,Land of Mine,435266,2734287,Sony Pictures Classics,-1,-1
tt3914332,Dean,254536,-1,CBS Films,60366,-1
tt3966404,Mustang,845464,4429200,Cohen Media Group,20321,-1
tt4120176,Things to Come,388140,5250553,IFC Films,31936,-1
tt4123430,Fantastic Beasts: The Crimes of Grindelwald,159555901,495300000,Warner Bros.,62163104,200000000
tt4139124,Keanu,20591853,59480,Warner Bros.,9453224,15000000
tt4158876,Other People,91441,-1,Vertical Entertainment,36997,-1
tt4190530,Anthropoid,2964845,2114374,Bleecker Street Media,1233519,-1
tt4258698,Southside with You,6304223,324380,Roadside Attractions,2868403,-1
tt4263482,The Witch,25138705,15285240,A24,8800230,4000000
tt4288636,James White,101368,-1,The Film Arcade,12007,-1
tt4334266,The Bad Batch,180851,21039,Neon,89111,-1
tt4379728,Three,119550,15001678,Well Go USA Entertainment,58196,-1
tt4411596,My Cousin Rachel,2716368,6483800,Fox Searchlight Pictures,969941,-1
tt4463894,Shaft,21360215,-1,Warner Bros.,8901419,-1
tt4477536,Fifty Shades Freed,100407760,271577258,Universal Pictures,38560195,55000000
tt4520364,Morgan,3915251,4894156,Twentieth Century Fox,2012709,8000000
tt4538916,Finding Your Feet,1418682,14426911,Roadside Attractions,60132,-1
tt4555426,Darkest Hour,56468410,94378797,Focus Features,175006,-1
tt4573516,Sleight,3986245,3460,BH Tilt,1701785,250000
tt4614612,Peterloo,151971,1846974,Amazon Studios,26002,-1
tt4621016,Ingrid Bergman: In Her Own Words,138148,75866,Rialto Pictures,8355,-1
tt4632316,Gleason,583664,-1,Open Road Films (II),91583,-1
tt4663548,All Saints,5802208,140357,Affirm Films,1514278,2000000
tt4667094,Fifty Shades of Black,11686940,10540574,Open Road Films (II),5900528,-1
tt4682786,Collateral Beauty,31016021,57512259,Warner Bros.,7102085,36000000
tt4687276,Range 15,621738,-1,Tugg,1044,-1
tt4687848,Railroad Tigers,218044,101987131,Well Go USA Entertainment,116211,-1
tt4698684,Hunt for the Wilderpeople,5205468,17386124,The Orchard,78439,-1
tt4768776,"Right Now, Wrong Then",24470,656258,Grasshopper Film,5291,-1
tt4799066,Midnight Sun,9561064,17804403,Global Road Entertainment,4003993,-1
tt4824302,Mother's Day,32492859,16289811,Open Road Films (II),8369184,25000000
tt4827558,High Life,1225852,907181,A24,99341,-1
tt4853102,Batman: The Killing Joke,3775000,687034,Fathom Events,-1,-1
tt4864932,Rebel,438207,238395,UTV Motion Pictures,237215,-1
tt4902904,The Resurrection of Gavin Stone,2303792,4563,BH Tilt,1206771,-1
tt4964788,Everybody Knows,2660165,16515998,Focus Features,71207,-1
tt4978710,Marjorie Prime,180608,33250,FilmRise,20668,-1
tt4981636,Middle School: The Worst Years of My Life,20007149,3308990,Lionsgate,6878437,8500000
tt5039860,Dalida,3465,5619669,Under The Milky Way,3170,-1
tt5091612,A Bag of Marbles,411318,10487680,Gaumont British Picture Corporation,14420,-1
tt5115546,Ghost Team,6639,-1,The Orchard,4499,-1
tt5129510,The Death of Louis XIV,43635,166080,The Cinema Guild,8002,-1
tt5153236,Hampstead,144396,6190775,IFC Films,17141,-1
tt5157326,Western,41072,114143,The Cinema Guild,6688,-1
tt5215486,Dawson City: Frozen Time,132369,-1,Kino Lorber,-1,-1
tt5222918,The Other Side of Hope,183943,4099030,Janus Films,15495,-1
tt5265960,The Untamed,27593,33656,Strand Releasing,2718,-1
tt5294550,All the Money in the World,25113707,31882597,TriStar Pictures,5584684,-1
tt5314190,Sgt. Stubby: An American Hero,4015935,916759,Fun Academy Motion Pictures,1164403,-1
tt5319866,Slamma Jamma,1687000,-1,River Rain Productions,1687000,-1
tt5340300,Lean on Pete,1163056,1280528,A24,46975,-1
tt5360952,The Hurricane Heist,6115825,26401423,Entertainment Studios Motion Pictures,3024399,35000000
tt5362988,Wind River,33800859,10179962,The Weinstein Company,161558,11000000
tt5436228,Woman Walks Ahead,57528,23384,A24,6863,-1
tt5437928,Colette,5137622,9135411,Bleecker Street Media,161179,-1
tt5537228,Everybody Loves Somebody,1915789,4566009,Pantelion Films,924201,-1
tt5540188,The Nile Hilton Incident,81089,3898447,Strand Releasing,8183,-1
tt5540992,Shock and Awe,77980,104435,Vertical Entertainment,45856,-1
tt5563334,The Good Liar,17156058,16600000,Warner Bros.,5605051,10000000
tt5580266,The Hate U Give,29719483,5214526,Twentieth Century Fox,512035,23000000
tt5646136,Hillary's America: The Secret History of the Democratic Party,13099931,-1,Quality Flix,74814,-1
tt5669936,The Recall,22943,89414,Freestyle Releasing,6570,-1
tt5700672,Train to Busan,2129768,90558607,Well Go USA Entertainment,284776,-1
tt5758778,Skyscraper,68420120,236448841,Universal Pictures,24905015,125000000
tt5764024,OK Darling,355922,5089359,FIP,225968,-1
tt5770620,The Lovers,2194521,21562,A24,66286,-1
tt5776858,Phantom Thread,21198205,26558385,Focus Features,216495,-1
tt5815492,1945,1006193,234470,Menemsha Films,20365,-1
tt5816682,Victoria & Abdul,22245070,44313395,Focus Features,158845,-1
tt5952594,The Mustang,5043620,1362196,Focus Features,71657,-1
tt5977276,The Aftermath,1618497,7597094,Fox Searchlight Pictures,56419,-1
tt5989220,Claire's Camera,83418,108562,The Cinema Guild,11489,-1
tt5994166,At First Light,3292,23046,Entertainment One,274,-1
tt5999530,Before We Vanish,52087,396742,Super,8370,-1
tt6105098,The Lion King,543638043,1113305351,Walt Disney Studios Motion Pictures,191770759,260000000
tt6133130,Professor Marston & the Wonder Women,1584759,314856,Annapurna Pictures,736883,-1
tt6170484,Monster Hunt 2,706153,360976465,Lionsgate,341834,-1
tt6193424,The Trip to Spain,1157604,831237,IFC Films,40875,-1
tt6272828,Mubarakan,758868,12141100,Sony Pictures Releasing,310170,-1
tt6288250,Patti Cake$,800148,682208,Fox Searchlight Pictures,67599,-1
tt6303866,Beach Rats,473771,12852,Neon,46451,-1
tt6333056,City of Ghosts,128015,100210,IFC Films,13601,-1
tt6394270,Bombshell,31668954,24315569,Lionsgate,319157,-1
tt6398184,Downton Abbey,96854135,97257127,Focus Features,31033665,-1
tt6418918,Little Woods,150010,21902,Neon,57610,-1
tt6433880,Anna and the Apocalypse,545597,124833,Orion Pictures,52588,-1
tt6443294,Blaze,704955,-1,IFC Films,44050,-1
tt6444838,The Workshop,22061,977995,Strand Releasing,2860,-1
tt6450186,I Can Only Imagine,83482352,2543849,Roadside Attractions,17108914,7000000
tt6462506,The Day After,24746,141276,The Cinema Guild,3727,-1
tt6644200,A Quiet Place,188024361,152915000,Paramount Pictures,50203562,17000000
tt6802308,The 15:17 to Paris,36276286,20800000,Warner Bros.,12554286,30000000
tt6850820,Peppermint,35418723,18500000,STX Entertainment,13423255,25000000
tt6910020,Nothing to Lose,1016188,35059129,Swen Releasing,679531,-1
tt6915100,Pope Francis: A Man of His Word,2008385,6600000,Focus Features,507870,-1
tt6938828,At Eternity's Gate,2294915,8966670,CBS Films,92856,-1
tt7008872,Boy Erased,6788692,5064389,Focus Features,207057,-1
tt7208564,Blood Fest,82774,40059,Fathom Events,-1,-1
tt7255568,Student of the Year 2,778566,857341,FIP,462108,-1
tt7286456,Joker,335416967,738500000,Warner Bros.,96202337,55000000
tt7347846,The Lodge,1184498,772530,Neon,76251,-1
tt7401588,Instant Family,67363237,53192964,Paramount Pictures,14504315,48000000
tt7431594,Race 3,1690861,5126530,Yash Raj Films,1690861,-1
tt7504726,The Call of the Wild,36026651,15967161,Twentieth Century Fox,24791624,135000000
tt7542576,All About Nina,100335,-1,The Orchard,26468,-1
tt7545266,Like a Boss,22169514,5817491,Paramount Pictures,10011272,29000000
tt7545524,Ben Is Back,3703184,6431020,Roadside Attractions,80734,-1
tt7616798,A Dog's Way Home,42004346,38703788,Sony Pictures Releasing,11251263,18000000
tt7689964,RBG,14017361,423931,Magnolia Pictures,578470,-1
tt7752454,Detective Chinatown 2,1983984,542201172,Warner Bros.,704047,-1
tt8085790,Little,40860481,8126615,Universal Pictures,15405455,20000000
tt8108164,Ek Ladki Ko Dekha Toh Aisa Laga,1182636,2349201,FIP,606775,-1
tt8176040,Panipat,461863,2888036,Reliance Entertainment,295624,-1
tt8266310,Blinded by the Light,11901145,6118053,Warner Bros.,4333305,-1
tt8385474,A Dog's Journey,22782371,52820202,Universal Pictures,8030085,-1
tt8426594,The Wind,28252,102722,IFC Films,14138,-1
tt8613070,Portrait of a Lady on Fire,1723288,5610871,Neon,67344,-1
tt8623904,Last Christmas,35150750,86400000,Universal Pictures,11441055,25000000
tt8632862,Fahrenheit 11/9,6352306,321862,Briarcliff Entertainment,3008563,-1
tt8688634,21 Bridges,28539757,20900000,STX Entertainment,9261268,33000000
tt8722346,Queen & Slim,43808310,3213138,Universal Pictures,11890490,-1
tt9134216,Playing with Fire,44451847,22863752,Paramount Pictures,12723781,29900000
tt9248972,Mission Mangal,3659413,2007644,FIP,1365006,-1
tt0160127,Charlie's Angels,125305545,138800000,Sony Pictures Releasing,40128550,93000000
tt0163651,American Pie,102561004,132922000,Universal Pictures,18709680,11000000
tt0166485,Anna and the King,39263420,74733517,Twentieth Century Fox,5223416,92000000
tt0168786,Antwone Fisher,21078145,2289441,Fox Searchlight Pictures,210013,12500000
tt0172156,Bad Boys II,138608444,134731112,Sony Pictures Releasing,46522560,130000000
tt0175880,Mag·no'li·a,22455976,25995827,New Line Cinema,193604,37000000
tt0179098,Moonlight Mile,6835856,3175194,Walt Disney Studios Motion Pictures,329771,21000000
tt0183523,M2M,60883407,50100000,Walt Disney Studios Motion Pictures,22855247,100000000
tt0184858,Reindeer Games,23368995,8799975,Miramax,8128356,42000000
tt0200469,Bats,10155690,-1,Destination Films,4717902,5250000
tt0204626,The Watcher,28946615,18321214,Universal Pictures,9062295,30000000
tt0204946,Bring It On,68379000,22070929,Universal Pictures,17362105,11000000
tt0210234,Pokémon the Movie 2000,43758684,90190586,Warner Bros.,19575608,30000000
tt0213149,Pearl Harbor,198542554,250678391,Walt Disney Studios Motion Pictures,59078912,140000000
tt0216216,The Sixth Day,34604280,61481197,Sony Pictures Releasing,13020883,82000000
tt0217630,Loser,15618626,2786080,Sony Pictures Releasing,6008611,20000000
tt0217869,Unbreakable,95011339,153106782,Walt Disney Studios Motion Pictures,30330771,75000000
tt0219854,Disney's The Kid,69691949,40625631,Walt Disney Studios Motion Pictures,12687726,65000000
tt0230011,Atlantis: The Lost Empire,84056472,101997253,Walt Disney Studios Motion Pictures,329011,120000000
tt0231402,Crocodile Dundee 3,25635682,13802992,Paramount Pictures,7714362,-1
tt0239395,Cats & Dogs,93385515,107301977,Warner Bros.,21707617,60000000
tt0240468,Kung Pow! Enter the Fist,16037962,956663,Twentieth Century Fox,7017474,10000000
tt0245686,Joe Dirt,27087695,3900000,Sony Pictures Releasing,8016008,17700000
tt0251736,House of 1000 Corpses,12634962,4194583,Lionsgate,3400000,7000000
tt0253556,Reign of Fire,43061982,39088201,Walt Disney Studios Motion Pictures,15632281,60000000
tt0253754,Star Trek: Nemesis,43254409,24082061,Paramount Pictures,18513305,60000000
tt0256415,Melanie's Getting Married,127223418,53399006,Walt Disney Studios Motion Pictures,35648740,30000000
tt0258038,Pootie Tang,3313583,-1,Paramount Pictures,1506233,7000000
tt0261289,Servicing Sara,16930185,3215965,Paramount Pictures,5758236,29000000
tt0264150,View from the Top,15614000,3912014,Miramax,7600000,-1
tt0264761,Kissing Jessica Stein,7025722,2987702,Fox Searchlight Pictures,346999,1000000
tt0265632,Recess: The Movie - School's Out,36706141,7754709,Walt Disney Studios Motion Pictures,10065873,23000000
tt0266987,Spygame,62362560,80687000,Universal Pictures,21689125,115000000
tt0268126,Adaptation.,22498520,10302653,Sony Pictures Releasing,384478,19000000
tt0270480,Madness of Love,280046,9026316,Sony Pictures Classics,23869,-1
tt0271367,Eight Legged Freaks,17322606,28544727,Warner Bros.,6485458,30000000
tt0272020,The Last Castle,18244060,9398647,DreamWorks Distribution,7088213,72000000
tt0275277,Cowboy Bebop: The Movie,1000045,2007858,IDP Distribution,234429,-1
tt0279331,Dark Blue,9250301,2900000,United Artists,3880688,15000000
tt0286788,What a Girl Wants,36105433,14626706,Warner Bros.,11434964,25000000
tt0288477,Ghost Ship,30113491,38236393,Warner Bros.,11503423,20000000
tt0289848,Analyze That,32130627,22872508,Warner Bros.,11034422,60000000
tt0295178,Austin Powers in Goldmember,213307889,83630912,New Line Cinema,73071188,63000000
tt0295701,Triple X,142109382,135339000,Revolution Studios,44506103,70000000
tt0297181,I-Spy,33561137,17825340,Sony Pictures Releasing,12752803,70000000
tt0298130,Ring,129128133,120220800,DreamWorks Distribution,15015393,48000000
tt0300051,Jersey Girl,25268157,10224764,Miramax,8300000,35000000
tt0302640,The Hot Chick,35081594,19557959,Walt Disney Studios Motion Pictures,7401146,-1
tt0306734,Le divorce,9081057,3910939,Fox Searchlight Pictures,516834,-1
tt0307351,Prey for Rock & Roll,58040,28237,MAC Releasing,6835,-1
tt0311110,It Runs in the Family,7491839,719669,Metro-Goldwyn-Mayer (MGM),2804441,-1
tt0312329,Against the Ropes,5884190,712321,Paramount Pictures,3038546,-1
tt0314331,"Love, Actually",59696144,185235622,Universal Pictures,6886080,40000000
tt0314353,Rules of Engagement,43734876,42733286,Revolution Studios,17057213,75000000
tt0318155,Looney Tunes Back in Action: The Movie,20991364,47523480,Warner Bros.,9317371,80000000
tt0318283,Alex & Emma,14218698,1150199,Warner Bros.,6111074,30000000
tt0328099,Malibu's Most Wanted,34432201,190303,Warner Bros.,12618159,15000000
tt0329717,Hollywood Homicide,30940691,20201968,Revolution Studios,11112632,75000000
tt0331468,Cold Creek Manor,21386011,7733423,Walt Disney Studios Motion Pictures,8190574,-1
tt0331953,Broken Lizard's Club Dread,5001708,2564099,Fox Searchlight Pictures,3035688,-1
tt0332452,Troy,133378256,364031596,Warner Bros.,46865412,175000000
tt0333766,Garden State,26782316,9043000,Fox Searchlight Pictures,201115,2500000
tt0337711,Rugrats Go Wild,39402572,15847924,Paramount Pictures,11556869,25000000
tt0337917,Catch That Kid,16703799,247903,Twentieth Century Fox,5824860,12000000
tt0337978,Live Free or Die Hard,134529403,253626608,Twentieth Century Fox,33369559,110000000
tt0338096,Dirty Dancing: Havana Nights,14161590,13523426,Lionsgate,5900000,25000000
tt0338188,The Missing,27011180,11353097,Revolution Studios,10833633,-1
tt0345074,Connie and Carla,8085771,3255245,Universal Pictures,3254940,27000000
tt0346156,Sky Captain and the World of Tomorrow,37762677,20184359,Paramount Pictures,15580278,70000000
tt0350194,Disney's Teacher's Pet,6491969,-1,Walt Disney Studios Motion Pictures,2461252,-1
tt0350258,Ray,75331600,48639776,Universal Pictures,20039730,40000000
tt0356150,EuroTrip,17771387,4833766,DreamWorks Distribution,6711384,25000000
tt0356634,Garfield: The Movie,75369589,127802828,Twentieth Century Fox,21727611,50000000
tt0359013,Blade: Trinity,52411906,79565998,New Line Cinema,16100000,65000000
tt0360486,Constantine,75976178,154908550,Warner Bros.,29769098,100000000
tt0360916,The Real Cancun,3825421,1519662,New Line Cinema,2300000,7500000
tt0361596,Fahrenheit 9/11,119194771,103252111,Lionsgate,23920637,6000000
tt0361925,Welcome to Mooseport,14470947,144152,Twentieth Century Fox,6775132,30000000
tt0362270,The Life Aquatic with Steve Zissou,24020403,10788000,Walt Disney Studios Motion Pictures,113085,50000000
tt0363504,Bigger Than the Sky,21398,-1,Metro-Goldwyn-Mayer (MGM),12281,750000
tt0363988,Secret Window,48022900,44890271,Sony Pictures Releasing,18237568,40000000
tt0367594,Cabbage,206459076,268509687,Warner Bros.,56178450,150000000
tt0367959,Hannibal 4,27670986,54498898,MGM/Weinstein,13051650,-1
tt0368447,The Village,114197520,142500000,Walt Disney Studios Motion Pictures,50746142,60000000
tt0368909,Ong-Bak: The Thai Warrior,4563167,15672259,Magnolia Pictures,1334869,-1
tt0372532,The Wedding Date,31726995,15369211,Universal Pictures,11129580,15000000
tt0375154,Tristan & Isolde,14734633,13313330,Twentieth Century Fox,6583135,-1
tt0376136,The Rum Diary,13109815,17025143,FilmDistrict,5135369,45000000
tt0376717,Gold Diggers,527000,302140,P & A Releasing,403164,-1
tt0378194,Kill Bill,66208183,87908613,Miramax,25600000,30000000
tt0382932,Ratatouille,206445654,417280431,Walt Disney Studios Motion Pictures,47027395,150000000
tt0383574,Pirates of the Caribbean: Dead Man's Chest,423315812,642863913,Walt Disney Studios Motion Pictures,135634554,225000000
tt0384286,Cry Wolf,10047674,22538734,Rogue Pictures,4551000,1000000
tt0395251,The Producers,19398532,18676786,Universal Pictures,154590,45000000
tt0395584,The Devil's Rejects,17044981,3856878,Lionsgate,7067335,7000000
tt0395972,North Country,18337722,6873453,Warner Bros.,6422455,35000000
tt0398286,Tangled,200821936,391482460,Walt Disney Studios Motion Pictures,48767052,260000000
tt0398375,Rumor Has It...,43000262,45933300,Warner Bros.,3473155,-1
tt0401997,Breach,33231264,7722671,Universal Pictures,10504990,-1
tt0402022,Aeon Flux,25874337,27447336,Paramount Pictures,12661112,62000000
tt0402901,The Cave,15007991,18288466,Screen Gems,6147294,-1
tt0403016,Supercross,3102550,241881,Twentieth Century Fox,1330520,-1
tt0406375,Zathura: A Space Adventure,29258869,35820235,Sony Pictures Releasing,13427872,65000000
tt0407304,War of the Worlds,234280354,369592765,Paramount Pictures,64878725,132000000
tt0408345,Firewall,48751189,34000000,Warner Bros.,13635463,-1
tt0409182,Poseidon,60674817,121000000,Warner Bros.,22155410,160000000
tt0412019,Broken Flowers,13744960,33585001,Focus Features,780408,-1
tt0413099,Evan Almighty,100462298,73978426,Universal Pictures,31192615,175000000
tt0414853,Barnyard,72637803,44117277,Paramount Pictures,15820864,51000000
tt0416236,The Spiderwick Chronicles,71195053,92975274,Paramount Pictures,19004058,90000000
tt0417217,Two for the Money,22991379,7535130,Universal Pictures,8703240,35000000
tt0420223,Stranger Than Fiction,40660952,12992272,Sony Pictures Releasing,13411093,30000000
tt0420609,Infamous,1151330,1538469,Warner Independent Pictures (WIP),452966,-1
tt0424885,C 41.11,93000,-1,Citizens United,93000,-1
tt0427998,The Grand,115879,-1,Anchor Bay Films,26334,-1
tt0428251,Venom,881779,-1,Dimension Films,501000,-1
tt0430779,Yankee Irving,14523101,2104087,Twentieth Century Fox,6061762,-1
tt0431021,The Possession,49130154,36315921,Lionsgate,17732480,14000000
tt0432348,Saw II,87039965,60708540,Lionsgate,31725652,4000000
tt0436078,The @r!$t* (r@t$,6377461,431628,THINKFilm,243796,-1
tt0443272,Office Seekers,182207973,93085477,Walt Disney Studios Motion Pictures,944308,65000000
tt0443680,The Assassination of Jesse James by the Coward Robert Ford,3909149,11092627,Warner Bros.,147812,30000000
tt0446029,Scott Pilgrim vs. the World,31524275,16140284,Universal Pictures,10609795,60000000
tt0449088,Pirates 3,309420425,651576067,Walt Disney Studios Motion Pictures,114732820,300000000
tt0449089,RV,71726025,15802148,Sony Pictures Releasing,16414767,50000000
tt0452625,The Warm-Up Guy,35017297,24751198,Lionsgate,13652001,-1
tt0454082,Black Christmas,16273581,5237270,MGM/Weinstein,3723364,-1
tt0454945,She's the Man,33741133,23453534,DreamWorks,10730372,20000000
tt0454987,Let's Go to Prison,4630045,-1,Universal Pictures,2220050,-1
tt0456554,Grandma's Boy,6090172,476105,Twentieth Century Fox,3009341,-1
tt0457510,Nacho Libre,80197993,19057467,Paramount Pictures,28309599,35000000
tt0458339,Captain America: The First Avenger,176654505,193915269,Paramount Pictures,65058524,140000000
tt0462322,Grind House,25037897,384191,Dimension Films,11596613,67000000
tt0462499,Rambo: First Blood Part IV,42754105,70490185,Lionsgate,18203876,50000000
tt0463985,The Fast and the Furious: Tokyo Drift,62514415,96450195,Universal Pictures,23973840,-1
tt0464154,Piranha 3D,25003155,58185010,Dimension Films,10106872,24000000
tt0469641,World Trade Center,70278893,92968305,Paramount Pictures,18730762,65000000
tt0472198,Notorious,36843682,7576485,Fox Searchlight Pictures,20497596,20000000
tt0475276,United 93,31483450,45217209,Universal Pictures,11478360,15000000
tt0477392,Broken Bridges,252539,-1,Paramount Pictures,133784,-1
tt0478087,21,81159365,78649005,Sony Pictures Releasing,24105943,35000000
tt0479143,Rocky Balboa,70270943,85658077,Metro-Goldwyn-Mayer (MGM),12158168,24000000
tt0479500,Nancy Drew,25612520,5054410,Warner Bros.,6832318,-1
tt0479952,Madagascar: Escape 2 Africa,180010950,423889404,DreamWorks,63106589,150000000
tt0480239,Atlas Shrugged: Part I,4627375,-1,Rocky Mountain Pictures,1677000,20000000
tt0482606,The Faces,52597610,29812846,Rogue Pictures,20997985,9000000
tt0489281,Stop-Loss,10915744,297209,Paramount Pictures,4555117,25000000
tt0493430,Jackass Number Two,72778712,11866452,Paramount Pictures,29002002,11500000
tt0497465,Woody Allen Spanish Project,23216709,73192591,MGM/Weinstein,3755575,-1
tt0499554,Reno 911!: Miami,20342161,1679101,Twentieth Century Fox,10273477,10000000
tt0758774,Body of Lies,39394666,76506231,Warner Bros.,12884416,70000000
tt0762121,The Nativity Story,37629831,8802433,New Line Cinema,8025000,35000000
tt0765476,Meet Dave,11803254,39536313,Twentieth Century Fox,5251918,60000000
tt0770703,What's Your Number?,14011084,16415012,Twentieth Century Fox,5421669,20000000
tt0775539,Stomp the Yard,61356221,14154902,Screen Gems,21833312,13000000
tt0775552,Aliens in the Attic,25200412,32680644,Twentieth Century Fox,8008423,45000000
tt0778661,Tyler Perry's Daddy's Little Girls,31366978,242265,Lionsgate,11210754,-1
tt0787474,The Boxtrolls,50837305,57418465,Focus Features,17275239,60000000
tt0796366,Corporate Headquarters,257730019,127950427,Paramount Pictures,75204289,150000000
tt0796368,Talk to Me,4533261,245115,Focus Features,391000,-1
tt0799949,Epic Movie,39739367,47498791,Twentieth Century Fox,18612544,-1
tt0803057,The Promotion,408709,48981,Third Rail Releasing,30493,-1
tt0806203,Carriers,104352,5700927,Paramount Vantage,76857,-1
tt0808151,Angels & Demons,133375846,352554970,Sony Pictures Releasing,46204168,150000000
tt0810922,Take Me Home Tonight,6928068,622005,Relativity Media,3464679,-1
tt0829150,Dracula Untold,56280355,160843925,Universal Pictures,23514615,70000000
tt0834001,Underworld: Rise of the Lycans,45802315,46356646,Screen Gems,20828511,35000000
tt0837563,Pet Sematary,54724696,58393530,Paramount Pictures,24502775,21000000
tt0844768,Vince Vaughn's Wild West Comedy Show: 30 Days & 30 Nights - Hollywood to the Heartland,603894,-1,Picturehouse,464170,-1
tt0846308,Kit Kittredge: An American Girl,17657973,-1,Picturehouse,220297,10000000
tt0848228,The Avengers,623357910,895455078,Walt Disney Studios Motion Pictures,207438708,220000000
tt0852713,The House Bunny,48237389,22202307,Sony Pictures Releasing,14533702,25000000
tt0880578,Streaming Evil,28687835,24245678,Screen Gems,11354069,35000000
tt0881320,Sanctum,23209310,85400000,Universal Pictures,9447930,30000000
tt0884726,Legends of Oz: Dorothy's Return,8462347,13293071,Clarius Entertainment,3747780,70000000
tt0892375,U2 3D,10363341,12367501,National Geographic Entertainment,946000,-1
tt0892782,Monsters vs. Aliens,198351526,183158344,DreamWorks,59321095,175000000
tt0929632,Precious,47566524,16083005,Lionsgate,1872458,10000000
tt0938283,The Last Airbender,131772187,187941694,Paramount Pictures,40325019,150000000
tt0970416,D.T.E.S.S.,79366978,153726881,Twentieth Century Fox,30480153,80000000
tt0975645,Hitchcock,6008677,21030992,Fox Searchlight Pictures,287715,-1
tt0983946,Fantasy Island,22374653,13392345,Sony Pictures Releasing,12310420,7000000
tt1000774,Sex and the City,152647258,266118063,Warner Bros.,57038404,65000000
tt1013753,Milk,31841299,22748259,Focus Features,1453844,20000000
tt1017451,The Runaways,3573673,1107978,Apparition,805115,10000000
tt1022603,500 Days of Summer,32391374,28331360,Fox Searchlight Pictures,834501,7500000
tt1032751,The Warrior,5666340,5437094,Relativity Media,3048665,42000000
tt1034324,The Mighty Macs,1891936,-1,Quaker Media,963221,7000000
tt1038919,The Bounty Hunter,67061228,69272294,Sony Pictures Releasing,20686423,40000000
tt1046163,My Best Friend's Girl,19219250,22405437,Lionsgate,8265357,20000000
tt1047007,Young@Heart,3992189,3104813,Fox Searchlight Pictures,50937,-1
tt1059786,Eagle Eye: The IMAX Experience,101440743,77326640,DreamWorks,29150721,80000000
tt1071875,Ghost Rider: Spirit of Vengeance,51774002,80789928,Sony Pictures Releasing,22115334,57000000
tt1072748,Winchester,25091816,18927772,Lionsgate,9307626,-1
tt1082601,Fighting,23091010,9391718,Universal Pictures,11024370,-1
tt1082868,Quarantine,31691811,9628095,Screen Gems,14211321,12000000
tt1083452,Eddie the Eagle,15789389,30363411,Twentieth Century Fox,6084682,23000000
tt1086772,Blended,46294610,81700000,Warner Bros.,14284031,40000000
tt1092633,"The Goods: Live Hard, Sell Hard",15122676,178209,Paramount Vantage,5642137,10000000
tt1106860,Ca$h,46488,-1,Roadside Attractions,16469,-1
tt1124035,The Ides of March,40962534,35375577,Sony Pictures Releasing,10470143,-1
tt1142433,Post Grad,6380019,34710,Twentieth Century Fox,2651996,-1
tt1142800,Madea Goes to Jail,90508336,-1,Lionsgate,41030947,-1
tt1151922,Miss March,4543320,48309,Fox Searchlight Pictures,2409156,-1
tt1155056,Let's Make Friends,71440011,20540348,DreamWorks,17810270,-1
tt1170358,The Hobbit Part 2,258366855,700000000,Warner Bros.,73645197,-1
tt1179056,A Nightmare on Elm Street,63075011,52619852,Warner Bros.,32902299,35000000
tt1179933,10 Cloverfield Lane,72082998,38134000,Paramount Pictures,24727437,-1
tt1198138,Obsessed,68261644,5568703,Screen Gems,28612730,20000000
tt1201167,Funny People,51855045,19730190,Universal Pictures,22657780,75000000
tt1210071,The Janky Promoters,9069,-1,Third Rail Releasing,5702,10000000
tt1212436,The Back-up Plan,37490007,39987001,CBS Films,12201710,35000000
tt1213012,Alpha and Omega,25107267,25400000,Lionsgate,9106906,-1
tt1214962,Seeking Justice,411746,13677782,Anchor Bay Films,249912,-1
tt1219289,Limitless,79249455,82600000,Relativity Media,18907302,27000000
tt1219342,Legend of the Guardians: The Owls of Ga'Hoole,55675313,84398077,Warner Bros.,16112211,80000000
tt1226229,Get Him to the Greek,60974475,30745780,Universal Pictures,17570955,40000000
tt1268799,A Very Harold & Kumar 3D Christmas,35061031,1131744,Warner Bros.,12954142,19000000
tt1270798,X-Men: First Class,146408305,206208385,Twentieth Century Fox,55101604,160000000
tt1272878,2 Guns,75612460,56327951,Universal Pictures,27059130,61000000
tt1289401,Ghostbusters,128350574,100796935,Sony Pictures Releasing,46018755,144000000
tt1300854,Iron Man 3,409013994,805797258,Walt Disney Studios Motion Pictures,174144585,200000000
tt1306980,50/50,35014192,6083661,Summit Entertainment,8644095,8000000
tt1311060,A.C.O.D.,175705,-1,The Film Arcade,19001,-1
tt1318514,Rise of the Planet of the Apes,176760185,305040688,Twentieth Century Fox,54806191,93000000
tt1324999,Twilight 4,281287133,430918723,Summit Entertainment,138122261,110000000
tt1336617,Cyrus,7468936,2464937,Fox Searchlight Pictures,181716,7000000
tt1341188,How Do You Know,30212620,18456287,Sony Pictures Releasing,7484696,120000000
tt1389127,Texas Killing Fields,45469,1225850,Anchor Bay Films,8772,-1
tt1399103,Transformers: Dark of the Moon 3D,352390543,771403536,DreamWorks,97852865,195000000
tt1401152,Unknown,63686397,72023632,Warner Bros.,21856389,30000000
tt1408101,Star Trek Into Darkness,228778661,238586585,Paramount Pictures,70165559,190000000
tt1431045,Deadpool,363070709,419541446,Twentieth Century Fox,132434639,58000000
tt1438176,Fright Night,18302607,22700000,Walt Disney Studios Motion Pictures,7714388,30000000
tt1440379,Virginia,12728,-1,Entertainment One,6915,-1
tt1473832,Bridget Jones's Baby,24252420,187700000,Universal Pictures,8571785,35000000
tt1477076,Jigsaw Puzzle 3D,45710178,90440256,Lionsgate,22530123,20000000
tt1482459,The Lorax,214030500,134809816,Universal Pictures,70217070,70000000
tt1483013,Oblivion,89107235,197061337,Universal Pictures,37054485,120000000
tt1486185,Red Riding Hood,37662162,52598214,Warner Bros.,14005335,42000000
tt1502397,Bad Boys For Life,194153385,200433890,Sony Pictures Releasing,62504105,90000000
tt1502404,Drive Angry 3D,10721033,30188876,Summit Entertainment,5187625,-1
tt1528854,Daddy's Home,150357137,92429000,Paramount Pictures,38740203,-1
tt1535109,Captain Phillips,107100855,111690956,Sony Pictures Releasing,25718314,55000000
tt1540011,Blair Witch,20777061,24396093,Lionsgate,9576057,5000000
tt1554091,A Better Life,1759252,104254,Summit Entertainment,62087,10000000
tt1555064,Country Strong,20218921,310273,Screen Gems,30452,15000000
tt1564367,Just Go with It,103028109,111917482,Sony Pictures Releasing,30514732,80000000
tt1606378,Die Hard 5,67349198,237304984,Twentieth Century Fox,24834845,92000000
tt1610525,Chuck,320725,181793,IFC Films,34565,-1
tt1615918,Alvin and the Chipmunks: Chipwrecked,133110742,209584693,Twentieth Century Fox,23244744,75000000
tt1622979,Final Destination 5,42587643,115300000,Warner Bros.,18031396,40000000
tt1637688,In Time,37520095,136410501,Twentieth Century Fox,12050368,40000000
tt1645170,Finchley's Dream,59650222,119729311,Paramount Pictures,17435092,65000000
tt1663662,Pacific Rim,101802906,309200000,Warner Bros.,37285325,190000000
tt1691917,World of Cars: Planes,90288712,148970000,Walt Disney Studios Motion Pictures,22232291,50000000
tt1695994,Stewie,636706,-1,Sony Pictures Releasing,301885,2000000
tt1702443,Justin Bieber: Never Say Never - Director's Fan Cut,73013910,26022917,Paramount Pictures,29514054,13000000
tt1754811,InAPPropriate Comedy,228004,-1,Freestyle Releasing,156414,-1
tt1764651,The Expendables 2,85028192,229947763,Lionsgate,28591370,100000000
tt1772288,Imagine,5637066,5198686,Bleecker Street Media,72459,10000000
tt1781922,No Escape,27288872,27130000,The Weinstein Company,8111264,-1
tt1787759,Madea's Big Happy Family,53345287,816000,Lionsgate,25068677,-1
tt1854564,Percy Jackson: Sea of Monsters,68559554,131290761,Twentieth Century Fox,14401054,90000000
tt1859650,To Rome with Love,16685867,56559014,Sony Pictures Classics,361359,-1
tt1877832,X-Men: Days of Future Past,233921534,512124166,Twentieth Century Fox,90823660,200000000
tt1878841,The Darkness,10753574,144719,BH Tilt,4950859,-1
tt1885265,Tyler Perry's Good Deeds,35025791,553386,Lionsgate,15583924,-1
tt1931435,Gently Down the Stream,21819348,24702789,Lionsgate,7591663,35000000
tt1935089,Blind,12522,85758,Vertical Entertainment,12522,-1
tt1951181,The Immigrant,2025328,3927556,The Weinstein Company,44064,-1
tt1951264,The Hunger Games: Catching Fire,424668047,440343699,Lionsgate,158074286,130000000
tt1956620,Basic Math,38543473,87526036,Sony Pictures Releasing,14608152,40000000
tt1981115,Marvel Thor: The Dark World,206362140,438421000,Walt Disney Studios Motion Pictures,85737841,170000000
tt2024432,Identity Thief,134506920,39458090,Universal Pictures,34551025,35000000
tt2083355,The Best Man Holiday,70525195,2310515,Universal Pictures,30107555,17000000
tt2096672,Dumb and Dumber 2,86208010,83629000,Universal Pictures,36111775,40000000
tt2096673,Inside Out,356461711,501149463,Walt Disney Studios Motion Pictures,90440272,175000000
tt2140379,Self/less,12279691,19527465,Focus Features,5403460,26000000
tt2199571,Run All Night,26461644,45100000,Warner Bros.,11012305,50000000
tt2209418,Before Midnight,8114627,12880021,Sony Pictures Classics,246914,-1
tt2226417,Insidious 2,83586447,78332871,FilmDistrict,40272103,5000000
tt2229499,Don Jon,24477704,14961651,Relativity Media,8677009,3000000
tt2243537,A Haunted House,40041683,20117901,Open Road Films (II),18101682,2500000
tt2250912,The Summer of George,334201140,545965784,Sony Pictures Releasing,117027503,175000000
tt2283336,Men in Black: International,80001807,173888894,Sony Pictures Releasing,30035838,110000000
tt2302755,Olympus Has Fallen,98925640,71344561,FilmDistrict,30373794,70000000
tt2316204,Alien: Covenant,74262031,166629732,Twentieth Century Fox,36160621,97000000
tt2334649,Fruitvale Station,16101339,1284491,The Weinstein Company,386291,-1
tt2473510,Paranormal Activity: The Ghost Dimension,18300124,60603000,Paramount Pictures,8070493,10000000
tt2488496,Star Wars: The Force Awakens,936662225,1131561399,Walt Disney Studios Motion Pictures,247966675,245000000
tt2503944,Burnt,13651946,22954797,The Weinstein Company,5002521,20000000
tt2510894,Hotel Transylvania 2,169700110,305099890,Sony Pictures Releasing,48464322,80000000
tt2527336,Star Wars: Episode VIII - The Last Jedi,620181382,712358507,Walt Disney Studios Motion Pictures,220009584,317000000
tt2582782,Hell or High Water,27007844,10872033,Lionsgate,621329,12000000
tt2582846,The Fault in Our Stars,124872350,182294484,Twentieth Century Fox,48002523,12000000
tt2626350,Step Up All In,14904384,71261262,Lionsgate,6469857,-1
tt2637294,Hot Tub Time Machine 2,12314651,767000,Paramount Pictures,5963324,14000000
tt2709692,Dr. Seuss' The Grinch,270620950,240975007,Universal Pictures,67572855,75000000
tt2802144,Kingsman and Sons,128261724,286089822,Twentieth Century Fox,36206331,81000000
tt2848324,Touched with Fire,146487,-1,Roadside Attractions,16816,-1
tt2870612,"As Above, So Below",21321100,20577309,Universal Pictures,8632820,-1
tt2933544,5 Flights Up,1020921,2658926,Focus World,238491,-1
tt2937696,Everybody Wants Some!!,3400278,1244194,Paramount Pictures,312355,-1
tt2967224,Hot Pursuit,34580201,16800000,Warner Bros.,13942258,35000000
tt2975578,The Purge: Anarchy,71962800,39965565,Universal Pictures,29816675,9000000
tt2980706,Planes: Fire & Rescue,59165787,87800000,Walt Disney Studios Motion Pictures,17509407,50000000
tt3149038,A Brilliant Young Mind,171793,871827,The Samuel Goldwyn Company,31408,-1
tt3411444,Ferdinand,84410380,211658819,Twentieth Century Fox,13401586,111000000
tt3606756,Incredibles 2,608581744,634223615,Walt Disney Studios Motion Pictures,182687905,-1
tt3735246,Bajirao Mastani,6557047,4793870,Eros International,1744975,-1
tt3741700,Godzilla: King of the Monsters,110500138,276100000,Warner Bros.,47776293,170000000
tt3778644,Solo: A Star Wars Story,213767512,179157295,Walt Disney Studios Motion Pictures,84420489,275000000
tt3861390,Dumbo,114766307,238518314,Walt Disney Studios Motion Pictures,45990748,170000000
tt4094724,The Purge: Election Year,79213375,39374505,Universal Pictures,31515110,10000000
tt4116284,The Lego Batman Movie,175750384,136200000,Warner Bros.,53003468,80000000
tt4154664,Captain Marvel,426829839,701444955,Walt Disney Studios Motion Pictures,153433423,-1
tt4154796,Avengers: Endgame,858373000,1939427564,Walt Disney Studios Motion Pictures,357115007,356000000
tt4160708,Don't Breathe,89217875,68612612,Screen Gems,26411706,9900000
tt4465564,Fifty Shades Darker,114581250,266964596,Universal Pictures,46607250,55000000
tt4682804,Lucy in the Sky,319976,5974,Fox Searchlight Pictures,54058,-1
tt4701660,The Mermaid,3232685,550577543,Sony Pictures Releasing,985052,-1
tt4799050,Rough Night,22105643,25241640,Sony Pictures Releasing,8004283,20000000
tt4912910,Mission: Impossible - Fallout,220159104,570956000,Paramount Pictures,61236534,178000000
tt4913966,The Curse of La Llorona,54733739,68400000,Warner Bros.,26347631,9000000
tt4975920,The Kid,1508593,44890,Lionsgate,514286,-1
tt5095030,Ant-Man and the Wasp,216648740,406025399,Walt Disney Studios Motion Pictures,75812205,-1
tt5427194,The Miracle Season,10230620,-1,Mirror/LD Entertainment,3950652,-1
tt5580390,The Shape of Water,63859435,131473877,Fox Searchlight Pictures,166564,-1
tt5664636,Goosebumps 2: Haunted Halloween,46700633,46619747,Sony Pictures Releasing,15802225,35000000
tt5688868,Primal Rage: The Legend of Kong,21497,51886,Fathom Events,-1,-1
tt5814534,Spies in Disguise,66259870,103306253,Twentieth Century Fox,13354798,-1
tt5833186,The Last Rampage,6294,6650,Epic Pictures Group,3054,-1
tt5935704,Padmaavat,11846060,11145000,Viva Pictures Distribution,4493384,-1
tt5968394,Captive State,5958315,2814497,Focus Features,3131525,-1
tt6000478,"Roman J. Israel, Esq.",11962778,1063082,Sony Pictures Releasing,61999,22000000
tt6139732,Aladdin,355559216,695134737,Walt Disney Studios Motion Pictures,91500929,183000000
tt6277440,The Bride Of Badrinath,1993259,24141050,FIP,862008,-1
tt6324278,Abominable,60716390,129096188,Universal Pictures,20612100,75000000
tt6495770,Action Point,5059608,44055,Paramount Pictures,2390164,19000000
tt6803212,Don't Let Go,5215062,72949,OTL Releasing,2338669,5000000
tt6902696,Gloria Bell,5611123,5533883,A24,145218,-1
tt7147540,Made in India,790628,803536,Yash Raj Films,581950,-1
tt7250056,Non-Fiction,704919,2913969,IFC Films,29853,-1
tt7339248,The Art of Self-Defense,2410914,3355,Bleecker Street Media,114374,-1
tt7671064,Brittany Runs a Marathon,7189808,252298,Amazon Studios,180711,-1
tt7752126,Brightburn,17300439,15592982,Screen Gems,7845658,6000000
tt8134742,3 from Hell,2172949,122876,Saban Films,-1,-1
tt8151874,Honey Boy,3012615,191479,Amazon Studios,301065,-1
tt8637428,The Farewell,17695781,4415213,A24,355662,-1
tt8767908,Matthias & Maxime,374739,1271636,Entertainment One,64988,-1
tt9071322,Dark Waters,11136084,3029152,Focus Features,102606,-1
