,titleId,ordering,title,region,language,types,attributes,isOriginalTitle
80622,tt0160127,33,Charlie's Angels,US,,,,0.0
80623,tt0160127,37,Charlie's Angels: The Movie,US,,working,,0.0
82565,tt0163579,16,Chill Factor,US,,,,0.0
82587,tt0163651,10,East Great Falls High,US,,working,,0.0
82588,tt0163651,16,Great Falls,US,,working,,0.0
82589,tt0163651,1,American Pie,US,,,,0.0
82590,tt0163651,21,Untitled Teenage Sex Comedy That Can Be Made for Under $10 Million That Most Readers Will Probably Hate But I Think You Will Love,US,,working,,0.0
82591,tt0163651,26,Untitled Teenage Sex Project,US,,working,,0.0
82702,tt0163988,34,Bringing Out the Dead,US,,imdbDisplay,,0.0
83376,tt0165929,12,Romeo Must Die,US,,imdbDisplay,,0.0
83618,tt0166485,21,Anna and the King,US,,,,0.0
83619,tt0166485,8,Anna,US,,working,,0.0
84064,tt0167456,11,The Thunderbirds,US,,working,,0.0
84489,tt0168501,15,The Best Man,US,,imdbDisplay,,0.0
84653,tt0168786,1,Antwone Fisher,US,,,,0.0
84654,tt0168786,2,The Antwone Fisher Story,US,,working,,0.0
84655,tt0168786,7,Fish,US,,,original script title,0.0
84656,tt0168786,8,Finding Fish,US,,working,,0.0
85546,tt0172156,39,Bad Boys II,US,,,,0.0
85547,tt0172156,47,Bad Boys 2,US,,,alternative spelling,0.0
85548,tt0172156,4,Bad Around the World,US,,working,,0.0
86633,tt0175880,15,Mag·no'li·a,US,,,promotional title,0.0
86634,tt0175880,1,Magnolia,US,,,,0.0
87459,tt0177971,4,The Perfect Storm,US,,imdbDisplay,,0.0
87962,tt0179098,21,Moonlight Mile,US,,,,0.0
87963,tt0179098,22,Baby's in Black,US,,working,,0.0
87964,tt0179098,24,Goodbye Hello,US,,working,,0.0
90077,tt0183523,14,M2M,US,,,promotional abbreviation,0.0
90078,tt0183523,5,Mission to Mars,US,,,,0.0
90100,tt0183649,39,Phone Booth,US,,imdbDisplay,,0.0
90618,tt0184858,3,Deception,US,,working,,0.0
90619,tt0184858,9,Reindeer Games,US,,,,0.0
91539,tt0187393,26,The Patriot,US,,imdbDisplay,,0.0
91736,tt0187859,3,Genghis Blues,US,,,,0.0
92262,tt0189192,18,Just Visiting,US,,imdbDisplay,,0.0
92807,tt0190138,23,The Whole Nine Yards,US,,imdbDisplay,,0.0
93187,tt0190865,12,Vertical Limit,US,,imdbDisplay,,0.0
95044,tt0195778,7,Here on Earth,US,,,,0.0
96831,tt0199626,12,In the Cut,US,,imdbDisplay,,0.0
97064,tt0200469,19,Bats,US,,,,0.0
97065,tt0200469,1,Blood Moon,US,,,original script title,0.0
98569,tt0204626,16,The Watcher,US,,,,0.0
98570,tt0204626,23,Driven,US,,working,,0.0
98678,tt0204946,13,Jump,US,,working,,0.0
98679,tt0204946,24,Cheer Fever,US,,working,,0.0
98680,tt0204946,3,Bring It On,US,,,,0.0
99685,tt0208003,9,Big Momma's House,US,,imdbDisplay,,0.0
100423,tt0210234,14,Pokémon: The Power of One,US,,,literal title,0.0
100424,tt0210234,19,Pokémon the Movie 2000,US,,imdbDisplay,,0.0
100425,tt0210234,26,Pokémon the Movie 2000 - The Power of One,US,,alternative,,0.0
100426,tt0210234,27,Pokémon 2,US,,,short title,0.0
100427,tt0210234,35,Pokemon: Power of One,US,,,,0.0
100744,tt0211181,30,102 Dalmatians,US,,imdbDisplay,,0.0
101019,tt0211933,8,Awake,US,,imdbDisplay,,0.0
101202,tt0212338,42,Meet the Parents,US,,imdbDisplay,,0.0
101544,tt0213149,10,Tennessee,US,,working,,0.0
101545,tt0213149,23,Pearl Harbor,US,,,,0.0
102510,tt0215750,9,Enemy at the Gates,US,,imdbDisplay,,0.0
102699,tt0216216,29,The Sixth Day,US,,,alternative spelling,0.0
102700,tt0216216,37,The 6th Day,US,,,,0.0
102701,tt0216216,6,On the Sixth Day,US,,working,,0.0
103294,tt0217630,14,Loser,US,,,,0.0
103295,tt0217630,24,The Loser,US,,alternative,,0.0
103392,tt0217869,30,Untitled M. Night Shyamalan Project,US,,working,,0.0
103393,tt0217869,38,No Ordinary Man,US,,working,,0.0
103394,tt0217869,7,Unbreakable,US,,,,0.0
103524,tt0218182,7,An Everlasting Piece,US,,imdbDisplay,,0.0
103902,tt0218967,32,The Family Man,US,,imdbDisplay,,0.0
104344,tt0219854,12,Disney's The Kid,US,,,complete title,0.0
104345,tt0219854,22,The Kid,US,,,,0.0
108281,tt0230011,32,Atlantis,US,,working,,0.0
108282,tt0230011,9,Atlantis: The Lost Empire,US,,,,0.0
108688,tt0231402,24,Crocodile Dundee 3,US,,working,,0.0
108689,tt0231402,33,Crocodile Dundee in Hollywood,US,,working,,0.0
109364,tt0233469,8,Collateral Damage,US,,imdbDisplay,,0.0
110411,tt0235737,15,The Salton Sea,US,,imdbDisplay,,0.0
111723,tt0239395,10,Like Cats & Dogs,US,,working,,0.0
111724,tt0239395,12,Fighting Like Cats and Dogs,US,,working,,0.0
111725,tt0239395,17,Felines and Canines,US,,working,,0.0
111726,tt0239395,18,Cats & Dogs,US,,,,0.0
111727,tt0239395,40,Cats and Dogs,US,,,alternative spelling,0.0
112222,tt0240468,12,The Dubbed Action Movie: Enter the Fist,US,,working,,0.0
112223,tt0240468,13,Kung Pow! Enter the Fist,US,,,video box title,0.0
112224,tt0240468,4,Kung Pow: Enter the Fist,US,,,,0.0
112536,tt0241025,30,Vanity Fair,US,,imdbDisplay,,0.0
112623,tt0241303,15,Chocolat,US,,imdbDisplay,,0.0
113138,tt0243155,30,Bridget Jones's Diary,US,,imdbDisplay,,0.0
114174,tt0245686,13,The Adventures of Joe Dirt,US,,working,,0.0
114175,tt0245686,19,Joe Dirt,US,,,,0.0
114263,tt0245844,37,Alexandre Dumas' The Count of Monte Cristo,US,,,complete title,0.0
114462,tt0246544,22,D'Artagnan,US,,working,,0.0
114885,tt0247444,9,Juwanna Mann,US,,,,0.0
116368,tt0250687,20,Rat Race,US,,imdbDisplay,,0.0
116513,tt0251110,1,Gypsy 83,US,,,,0.0
116757,tt0251736,18,"House of 1,000 Corpses",US,,,alternative spelling,0.0
116758,tt0251736,7,House of 1000 Corpses,US,,imdbDisplay,,0.0
117275,tt0253474,5,The Pianist,US,en,imdbDisplay,,0.0
117295,tt0253556,13,Reign of Fire,US,,,,0.0
117296,tt0253556,21,Where Heroes Go Down,US,,working,,0.0
117345,tt0253754,20,Star Trek X,US,,working,,0.0
117346,tt0253754,29,Star Trek: Nemesis,US,,,,0.0
118053,tt0256415,16,Melanie's Getting Married,US,,,original script title,0.0
118054,tt0256415,32,Sweet Home Alabama,US,,,,0.0
118518,tt0257360,25,About Schmidt,US,,imdbDisplay,,0.0
118590,tt0257568,16,Kangaroo Jack,US,,imdbDisplay,,0.0
118647,tt0257756,16,High Crimes,US,,imdbDisplay,,0.0
118721,tt0258038,12,Pootie Tang in Sine Your Pitty on the Runny Kine,US,,working,,0.0
118722,tt0258038,5,Pootie Tang,US,,,,0.0
119094,tt0259324,34,Ghost Rider,US,,imdbDisplay,,0.0
119126,tt0259446,35,My Big Fat Greek Wedding,US,,imdbDisplay,,0.0
119745,tt0261289,26,Servicing Sara,US,,working,,0.0
119746,tt0261289,7,Flipping the Mark,US,,working,,0.0
120109,tt0262396,16,Empire,US,,imdbDisplay,,0.0
120545,tt0264150,25,View from the Top,US,,,,0.0
120546,tt0264150,3,A View from the Top,US,,working,,0.0
120632,tt0264464,37,Catch Me If You Can,US,,imdbDisplay,,0.0
120713,tt0264761,11,Kissing Jessica Stein,US,,,,0.0
120714,tt0264761,14,Seeking Same,US,,working,,0.0
120794,tt0265086,9,Black Hawk Down,US,,imdbDisplay,,0.0
120933,tt0265459,22,One Hour Photo,US,,imdbDisplay,,0.0
120974,tt0265632,20,Recess: The Ultimate Summer Vacation,US,,working,,0.0
120975,tt0265632,3,Summer Vacation: The Ultimate Recess,US,,working,,0.0
120976,tt0265632,5,Recess: The Movie - School's Out,US,,,informal alternative title,0.0
120977,tt0265632,6,Recess: School's Out,US,,,,0.0
120988,tt0265662,15,The Rookie,US,,imdbDisplay,,0.0
121436,tt0266915,27,Rush Hour 2,US,,imdbDisplay,,0.0
121458,tt0266987,23,Spygame,US,,,alternative spelling,0.0
121459,tt0266987,6,SpyGame,US,,,poster title,0.0
121747,tt0268126,26,Adaptation.,US,,imdbDisplay,,0.0
121748,tt0268126,3,The Orchid Thief,US,,working,,0.0
121856,tt0268397,5,Jimmy Neutron: Boy Genius,US,,imdbDisplay,,0.0
122015,tt0268695,2,The Time Machine,US,,imdbDisplay,,0.0
122507,tt0270288,26,Confessions of a Dangerous Mind,US,,imdbDisplay,,0.0
122572,tt0270480,16,Madness of Love,US,,,,0.0
122573,tt0270480,17,Madness of Joan,US,,,,0.0
122574,tt0270480,5,Mad Love,US,,,,0.0
122802,tt0271027,17,KOD: Kiss of the Dragon,US,,,promotional abbreviation,0.0
122944,tt0271367,30,Arac Attack,US,,working,,0.0
122945,tt0271367,5,Eight Legged Freaks,US,,,,0.0
123128,tt0272020,31,The Last Castle,US,,,,0.0
123129,tt0272020,33,Untitled Rod Lurie Project,US,,working,,0.0
123130,tt0272020,9,The Castle,US,,working,,0.0
123995,tt0274711,18,People I Know,US,,,,0.0
124195,tt0275277,10,Cowboy Bebop: Knockin' on Heavens Door,US,,video,,0.0
124196,tt0275277,17,Cowboy Bebop: The Movie - Knockin' on Heaven's Door,US,,,promotional title,0.0
124197,tt0275277,35,Cowboy Bebop the Movie: Knockin' on Heaven's Door,US,,,,0.0
124198,tt0275277,3,Cowboy Bebop: The Movie,US,,imdbDisplay,,0.0
125649,tt0279331,13,4-29-92,US,,working,,0.0
125650,tt0279331,27,Dark Blue,US,,,,0.0
125651,tt0279331,6,The Plague Season,US,,working,,0.0
125706,tt0279493,3,Undercover Brother,US,,imdbDisplay,,0.0
126088,tt0280707,11,Gosford Park,US,,imdbDisplay,,0.0
126270,tt0281358,24,A Walk to Remember,US,,imdbDisplay,,0.0
126741,tt0282687,9,Life or Something Like It,US,,imdbDisplay,,0.0
126905,tt0283139,28,White Oleander,US,,imdbDisplay,,0.0
127219,tt0283883,6,And Now... Ladies and Gentlemen...,US,,imdbDisplay,,0.0
127223,tt0283897,9,Assassination Tango,US,,,,0.0
128304,tt0286244,30,The Triplets of Belleville,US,,imdbDisplay,,0.0
128404,tt0286499,33,Bend It Like Beckham,US,,imdbDisplay,,0.0
128518,tt0286788,18,American Girl,US,,working,,0.0
128519,tt0286788,33,What a Girl Wants,US,,,,0.0
128520,tt0286788,9,London Calling,US,,working,,0.0
129107,tt0288477,3,Chimera,US,,working,,0.0
129108,tt0288477,4,Ghost Ship,US,,,,0.0
129565,tt0289848,13,Analyze That,US,,,,0.0
129566,tt0289848,31,Analyze This 2,US,,working,,0.0
129733,tt0290145,6,Blue Car,US,,imdbDisplay,,0.0
130340,tt0291538,6,The Housekeeper,US,,,review title,0.0
130817,tt0292610,1,The House on Turk Street,US,,working,,0.0
131981,tt0295178,10,The Next Installment of Austin Powers,US,,working,,0.0
131982,tt0295178,14,Austin Powers 3,US,,working,,0.0
131983,tt0295178,19,Austin Powers: Goldmember,US,,alternative,,0.0
131984,tt0295178,20,Austin Powers in Goldmember,US,,,,0.0
131985,tt0295178,31,Austinpussy,US,,working,,0.0
131986,tt0295178,39,Austin Powers: Never Say Member Again,US,,working,,0.0
131987,tt0295178,45,The Third Installment of 'Austin Powers',US,,working,,0.0
132202,tt0295701,15,Triple X,US,,,informal English title,0.0
132203,tt0295701,4,xXx,US,,,,0.0
132747,tt0297181,13,I-Spy,US,,,promotional title,0.0
132748,tt0297181,20,I Spy,US,,,,0.0
132768,tt0297284,4,Mind Hunters,US,,,alternative spelling,0.0
133080,tt0298130,17,Ring,US,,,pre-release title,0.0
133081,tt0298130,21,The Ring,US,,,,0.0
133082,tt0298130,46,Seven Days,US,,working,,0.0
133083,tt0298130,9,Static,US,,working,,0.0
133089,tt0298148,9,Shrek 2,US,,imdbDisplay,,0.0
133906,tt0300051,16,Jersey Girl,US,,,,0.0
133907,tt0300051,23,Untitled Kevin Smith Project,US,,working,,0.0
133908,tt0300051,30,Fatherhood Project,US,,working,,0.0
134077,tt0300556,12,Timeline,US,,imdbDisplay,,0.0
134670,tt0301893,8,State Property,US,,imdbDisplay,,0.0
135080,tt0302640,13,The Hot Chick,US,,,,0.0
135081,tt0302640,21,Miss Popularity,US,,working,,0.0
135734,tt0303933,13,Drumline,US,,imdbDisplay,,0.0
136254,tt0305396,9,The Crocodile Hunter: Collision Course,US,,imdbDisplay,,0.0
136313,tt0305632,1,Fascination,US,,imdbDisplay,,0.0
136741,tt0306734,24,The Divorce,US,en,,,0.0
136742,tt0306734,39,Le divorce,US,,imdbDisplay,,0.0
136983,tt0307351,6,My Favorite Sin,US,,working,,0.0
136984,tt0307351,7,Prey for Rock & Roll,US,,,,0.0
137377,tt0308383,3,The Human Stain,US,,imdbDisplay,,0.0
137427,tt0308508,2,Step Into Liquid,US,,,,0.0
137527,tt0308878,14,The Shape of Things,US,,imdbDisplay,,0.0
137710,tt0309377,24,Blood Work,US,,imdbDisplay,,0.0
138438,tt0311110,24,Smack in the Kisser,US,,working,,0.0
138439,tt0311110,27,It Runs in the Family,US,,,,0.0
138440,tt0311110,28,Family Jewels,US,,working,,0.0
138441,tt0311110,2,A Few Good Years,US,,working,,0.0
138442,tt0311110,6,Smack in the Puss,US,,,original script title,0.0
138558,tt0311289,5,Holes,US,,imdbDisplay,,0.0
138980,tt0312329,3,The Jackie Kallen Story,US,,working,,0.0
138981,tt0312329,4,Against the Ropes,US,,,,0.0
139030,tt0312549,20,Chasing the Dragon: The Veronica Guerin Story,US,,working,,0.0
139705,tt0314331,19,"Love, Actually",US,,,alternative spelling,0.0
139706,tt0314331,26,Love Actually Is All Around,US,,working,,0.0
139716,tt0314353,10,Hostile Act,US,,working,,0.0
139717,tt0314353,12,Rules of Engagement,US,,,original script title,0.0
139718,tt0314353,2,Hostile Rescue,US,,working,,0.0
139719,tt0314353,36,Man of War,US,,working,,0.0
139720,tt0314353,8,Tears of the Sun,US,,,,0.0
139801,tt0314630,3,The Secret Lives of Dentists,US,,,,0.0
140602,tt0317132,6,Because of Winn-Dixie,US,,imdbDisplay,,0.0
140683,tt0317303,10,Daddy Day Care,US,,imdbDisplay,,0.0
140789,tt0317648,30,Hidalgo,US,,imdbDisplay,,0.0
140903,tt0318155,10,Looney Tunes: The Movie,US,,working,,0.0
140904,tt0318155,18,Spy Jam,US,,working,,0.0
140905,tt0318155,1,Looney Tunes Back in Action: The Movie,US,,,DVD box title,0.0
140906,tt0318155,21,The Untitled Looney Tunes Project,US,,working,,0.0
140940,tt0318283,21,Loosely Based on a True Love Story,US,,working,,0.0
140941,tt0318283,25,Alex & Emma,US,,,,0.0
140942,tt0318283,8,The Gambler,US,,working,,0.0
140981,tt0318374,14,The Cooler,US,,imdbDisplay,,0.0
141006,tt0318462,22,The Motorcycle Diaries,US,,,,0.0
141303,tt0319524,6,How to Deal,US,,imdbDisplay,,0.0
143154,tt0323944,22,Shattered Glass,US,,imdbDisplay,,0.0
144056,tt0325805,31,Matchstick Men,US,,imdbDisplay,,0.0
144544,tt0326769,9,Biker Boyz,US,,imdbDisplay,,0.0
144598,tt0326856,18,Envy,US,,,,0.0
144720,tt0327036,6,Martin Lawrence Live: Runteldat,US,,,,0.0
145024,tt0327597,11,Coraline,US,,imdbDisplay,,0.0
145318,tt0328099,16,Malibu's Most Wanted,US,,,,0.0
145319,tt0328099,7,Suckaz,US,,working,,0.0
146256,tt0329691,27,Torque,US,,imdbDisplay,,0.0
146265,tt0329717,11,Two Cops,US,,working,,0.0
146266,tt0329717,15,Untitled Harrison Ford Starrer,US,,working,,0.0
146267,tt0329717,18,Hollywood Homicide,US,,,,0.0
146828,tt0331468,30,The Devil's Throat,US,,working,,0.0
146829,tt0331468,3,Cold Creek Manor,US,,,,0.0
147051,tt0331952,2,The Clearing,US,,imdbDisplay,,0.0
147052,tt0331953,20,Broken Lizard's Club Dread,US,,,complete title,0.0
147053,tt0331953,6,Club Dread,US,,,,0.0
147265,tt0332452,19,Troy,US,,,,0.0
147266,tt0332452,36,Untitled 'The Illiad' Project,US,,working,,0.0
147335,tt0332605,20,House of Fools,US,,imdbDisplay,,0.0
147648,tt0333766,13,Garden State,US,,,,0.0
147649,tt0333766,15,Large,US,,working,,0.0
147650,tt0333766,17,Large's Ark,US,,working,,0.0
147848,tt0334416,6,Stevie,US,,imdbDisplay,,0.0
148066,tt0335119,14,Girl with a Pearl Earring,US,,imdbDisplay,,0.0
148069,tt0335121,11,Godsend,US,,imdbDisplay,,0.0
148930,tt0337711,10,The Rugrats Movie III,US,,working,,0.0
148931,tt0337711,12,Rugrats 3: Rescue Me,US,,working,,0.0
148932,tt0337711,5,Rescue Me,US,,working,,0.0
148933,tt0337711,7,Rugrats Meet the Wild Thornberrys,US,,working,,0.0
148934,tt0337711,9,Rugrats Go Wild,US,,,,0.0
149049,tt0337917,20,Catch That Kid,US,,,,0.0
149050,tt0337917,24,Catch That Girl,US,,working,,0.0
149051,tt0337917,3,Mission Without Permission,US,,working,,0.0
149088,tt0337978,10,Live Free or Die Hard,US,,,,0.0
149089,tt0337978,40,Die Hard: Tears of the Sun,US,,working,,0.0
149090,tt0337978,43,Die Hard 4,US,,working,,0.0
149091,tt0337978,47,Die Hard 4: Die Hardest,US,,working,,0.0
149092,tt0337978,51,Die Hard 4.0,US,,working,,0.0
149093,tt0337978,52,Die Hard: Reset,US,,working,,0.0
149094,tt0337978,6,WW3.com,US,,,original script title,0.0
149136,tt0338077,11,Grind,US,,,,0.0
149149,tt0338096,15,Dirty Dancing: Havana Nights,US,,,,0.0
149150,tt0338096,1,Havana Nights: Dirty Dancing 2,US,,working,,0.0
149199,tt0338188,11,The Missing,US,,,,0.0
149200,tt0338188,18,The Last Ride,US,,working,,0.0
149217,tt0338216,1,Lucky You,US,,imdbDisplay,,0.0
149308,tt0338427,9,Shopgirl,US,,,,0.0
149339,tt0338466,32,Stuck on You,US,,imdbDisplay,,0.0
149619,tt0339071,1,Girls Will Be Girls,US,,,,0.0
150088,tt0340012,24,Being Julia,US,,imdbDisplay,,0.0
151833,tt0345074,10,Connie and Carla Do L.A.,US,,working,,0.0
151834,tt0345074,12,Connie and Carla,US,,,,0.0
152190,tt0346156,19,The World of Tomorrow,US,,working,,0.0
152191,tt0346156,5,Sky Captain and the World of Tomorrow,US,,,,0.0
153307,tt0348593,18,The Door in the Floor,US,,,,0.0
154095,tt0350194,14,Disney's Teacher's Pet,US,,,complete title,0.0
154096,tt0350194,1,Teacher's Pet: The Movie,US,,working,,0.0
154097,tt0350194,9,Teacher's Pet,US,,,,0.0
154127,tt0350258,20,Ray,US,,,,0.0
154128,tt0350258,23,Unchain My Heart: The Ray Charles Story,US,,working,,0.0
154130,tt0350261,28,An Unfinished Life,US,,imdbDisplay,,0.0
154526,tt0351977,25,Walking Tall,US,,imdbDisplay,,0.0
155860,tt0356150,14,"Untitled Berg, Schaffer, Mandel Project",US,,working,,0.0
155861,tt0356150,24,The Ugly Americans,US,,working,,0.0
155862,tt0356150,6,Untitled Montecito Project,US,,working,,0.0
155863,tt0356150,7,EuroTrip,US,,,,0.0
155864,tt0356150,8,Fistful of Euros,US,,working,,0.0
156043,tt0356634,1,Garfield: The Movie,US,,,promotional title,0.0
156044,tt0356634,25,Garfield,US,,,,0.0
156143,tt0356910,40,Mr. & Mrs. Smith,US,,imdbDisplay,,0.0
156336,tt0357470,16,The Battle of Shaker Heights,US,,,,0.0
157047,tt0359013,13,Blade: Trinity,US,,,alternative spelling,0.0
157048,tt0359013,8,Blade III,US,,working,,0.0
157489,tt0360009,6,Spartan,US,,imdbDisplay,,0.0
157738,tt0360486,17,Hellblazer,US,,working,,0.0
157739,tt0360486,24,Constantine,US,,,,0.0
157740,tt0360486,35,John Constantine: Hellblazer,US,,working,,0.0
158048,tt0360916,3,Untitled Spring Break Project,US,,working,,0.0
158049,tt0360916,5,The Real Cancun,US,,,,0.0
158050,tt0360916,6,Real Spring Break,US,,working,,0.0
158051,tt0360916,9,Spring Break,US,,working,,0.0
158179,tt0361127,16,The Woodsman,US,,,,0.0
158426,tt0361500,1,Delgo,US,,,,0.0
158475,tt0361596,3,Fahrenheit 911,US,,working,,0.0
158476,tt0361596,6,Fahrenheit 9/11,US,,imdbDisplay,,0.0
158641,tt0361925,3,Mooseport,US,,working,,0.0
158642,tt0361925,6,Welcome to Mooseport,US,,,,0.0
158726,tt0362120,7,Scary Movie 4,US,,imdbDisplay,,0.0
158809,tt0362269,22,Kinsey,US,,imdbDisplay,,0.0
158810,tt0362270,29,Untitled Wes Anderson Project,US,,working,,0.0
158811,tt0362270,2,The Life Aquatic with Steve Zissou,US,,imdbDisplay,,0.0
158812,tt0362270,34,The Life Aquatic,US,,working,,0.0
159441,tt0363163,11,Downfall,US,,,,0.0
159620,tt0363504,13,Caught in the Act,US,,working,,0.0
159621,tt0363504,5,Bigger Than the Sky,US,,,,0.0
159869,tt0363988,29,"Secret Window, Secret Garden",US,,working,,0.0
159870,tt0363988,30,Secret Window,US,,,,0.0
160384,tt0364955,13,Art School Confidential,US,,,,0.0
161389,tt0366551,27,Harold & Kumar Go to White Castle,US,,imdbDisplay,,0.0
161623,tt0367085,3,Soul Plane,US,,imdbDisplay,,0.0
161831,tt0367594,38,Cabbage,US,,,fake working title,0.0
161832,tt0367594,42,Charlie and the Chocolate Factory: The IMAX Experience,US,,,IMAX version,0.0
162023,tt0367959,16,Hannibal 4,US,,working,,0.0
162024,tt0367959,17,Young Hannibal: Behind the Mask,US,,working,,0.0
162025,tt0367959,29,The Lecter Variation: The Story of Young Hannibal Lecter,US,,working,,0.0
162026,tt0367959,2,The Lecter Variations,US,,working,,0.0
162027,tt0367959,33,Young Hannibal,US,,working,,0.0
162290,tt0368447,19,The Village,US,,,,0.0
162291,tt0368447,2,M. Night Shyamalan's The Village,US,,,promotional title,0.0
162292,tt0368447,37,The Woods,US,,working,,0.0
162499,tt0368891,20,National Treasure,US,,imdbDisplay,,0.0
162501,tt0368909,10,Ong-Bak: The Thai Warrior,US,,imdbDisplay,,0.0
162502,tt0368909,6,Daredevil,US,,,informal literal English title,0.0
163978,tt0372532,11,Something Borrowed,US,,working,,0.0
163979,tt0372532,1,The Wedding Date,US,,,,0.0
164788,tt0374536,8,Bewitched,US,,imdbDisplay,,0.0
165049,tt0375063,19,Sideways,US,,imdbDisplay,,0.0
165103,tt0375154,13,Tristan & Isolde,US,,imdbDisplay,,0.0
165104,tt0375154,24,Tristan and Isolde,US,,,alternative spelling,0.0
165191,tt0375568,7,Astro Boy,US,,imdbDisplay,,0.0
165237,tt0375679,11,Crash,US,,imdbDisplay,,0.0
165335,tt0375912,2,L4yer Cake,US,,,DVD box title,0.0
165437,tt0376136,20,Hunter S. Thompson's The Rum Diary,US,,working,,0.0
165438,tt0376136,28,The Rum Diary,US,,,,0.0
165457,tt0376196,4,Slow Burn,US,,,,0.0
165628,tt0376717,11,Gold Diggers,US,en,,,0.0
165629,tt0376717,14,National Lampoon's Lady Killers,US,,,complete title,0.0
165630,tt0376717,1,National Lampoon's Gold Diggers,US,,,new title,0.0
165631,tt0376717,8,Gold Diggers,US,,imdbDisplay,,0.0
165761,tt0377091,15,Mean Creek,US,,imdbDisplay,,0.0
165771,tt0377109,5,The Ring Two,US,,imdbDisplay,,0.0
166138,tt0378194,11,Kill Bill,US,,,closing credits title,0.0
166139,tt0378194,21,Kill Bill Part 2,US,,,informal title,0.0
166140,tt0378194,29,Kill Bill: Vol. 2,US,,,,0.0
166141,tt0378194,9,Vol. 2,US,,alternative,,0.0
166855,tt0380389,14,Goal! The Dream Begins,US,,,,0.0
167754,tt0382932,16,Untitled Rodent Project,US,,working,,0.0
167755,tt0382932,28,Ratatouille,US,,,,0.0
167784,tt0382992,12,Stealth,US,,imdbDisplay,,0.0
167960,tt0383574,32,Pirates of the Caribbean: Dead Man's Chest,US,,,,0.0
167961,tt0383574,3,Pirates 2,US,,,informal short title,0.0
167962,tt0383574,6,Pirates of the Caribbean 2,US,,working,,0.0
167963,tt0383574,8,P.O.T.C. 2,US,,,promotional abbreviation,0.0
168177,tt0384286,10,Living the Lie,US,,working,,0.0
168178,tt0384286,12,Cry Wolf,US,,,,0.0
168280,tt0384680,22,The Weather Man,US,,,,0.0
168318,tt0384793,20,Accepted,US,,imdbDisplay,,0.0
168678,tt0385726,18,Glory Road,US,,imdbDisplay,,0.0
169134,tt0387059,4,Bee Season,US,,imdbDisplay,,0.0
169283,tt0387514,17,Prime,US,,imdbDisplay,,0.0
170069,tt0389557,28,Black Book,US,,,,0.0
171349,tt0393735,14,The Shaggy Dog,US,,imdbDisplay,,0.0
171861,tt0395251,5,The Producers: The Movie Musical,US,,working,,0.0
171862,tt0395251,6,The Producers,US,,,,0.0
171981,tt0395584,11,The Devil's Rejects: House of 1000 Corpses 2,US,,working,,0.0
171982,tt0395584,24,The Devil's Rejects,US,,,,0.0
171983,tt0395584,29,"House of 2,000 Corpses",US,,working,,0.0
171984,tt0395584,8,House of 1000 Corpses 2,US,,working,,0.0
172147,tt0395972,13,Class Action,US,,working,,0.0
172148,tt0395972,29,North Country,US,,,,0.0
172149,tt0395972,32,Untitled Niki Caro Project,US,,working,,0.0
172280,tt0396269,25,Wedding Crashers,US,,imdbDisplay,,0.0
173160,tt0398286,18,Tangled,US,,imdbDisplay,,0.0
173161,tt0398286,40,Rapunzel Unbraided,US,,working,,0.0
173162,tt0398286,6,Rapunzel,US,,working,,0.0
173197,tt0398375,11,Untitled Ted Griffin Project,US,,working,,0.0
173198,tt0398375,2,Otherwise Engaged,US,,working,,0.0
173199,tt0398375,32,Rumor Has It...,US,,,,0.0
173200,tt0398375,38,Untitled Jennifer Aniston Graduate Comedy,US,,working,,0.0
173201,tt0398375,44,Untitled Rob Reiner Project,US,,working,,0.0
173202,tt0398375,46,Untitled 'The Graduate' Project,US,,working,,0.0
173350,tt0398808,18,Bridge to Terabithia,US,,imdbDisplay,,0.0
174222,tt0400717,37,Open Season,US,,imdbDisplay,,0.0
174824,tt0401997,12,The 11th Hour,US,,working,,0.0
174825,tt0401997,18,Hanssen,US,,working,,0.0
174826,tt0401997,4,Breach,US,,,,0.0
174842,tt0402022,27,Aeon Flux,US,,,alternative spelling,0.0
174843,tt0402022,4,Æon Flux,US,,,,0.0
175228,tt0402894,10,Casanova,US,,imdbDisplay,,0.0
175234,tt0402901,20,The Cave,US,,,,0.0
175235,tt0402901,8,Prime Evil,US,,working,,0.0
175306,tt0403016,13,Fast Boys,US,,working,,0.0
175307,tt0403016,7,Supercross,US,,,,0.0
175619,tt0403508,23,The Sisterhood of the Traveling Pants,US,,imdbDisplay,,0.0
175739,tt0403702,17,Youth in Revolt,US,,imdbDisplay,,0.0
175984,tt0404390,28,Running Scared,US,,imdbDisplay,,0.0
176362,tt0405296,3,A Scanner Darkly,US,,imdbDisplay,,0.0
176371,tt0405325,23,Sky High,US,,imdbDisplay,,0.0
176852,tt0406375,11,Jumanji 2,US,,working,,0.0
176853,tt0406375,22,Zathura: A Space Adventure,US,,imdbDisplay,,0.0
176854,tt0406375,36,Zathura,US,,,short title,0.0
177186,tt0407304,22,War of the Worlds,US,,,,0.0
177187,tt0407304,40,Out of the Night,US,,working,,0.0
177188,tt0407304,42,Party in Fresno,US,,,fake working title,0.0
177736,tt0408345,12,Firewall,US,,,,0.0
177737,tt0408345,8,The Wrong Element,US,,working,,0.0
177963,tt0408790,34,Flightplan,US,,imdbDisplay,,0.0
178043,tt0408961,4,Kids in America,US,,,,0.0
178138,tt0409182,16,The Poseidon Adventure,US,,working,,0.0
178139,tt0409182,18,Poseidon,US,,,,0.0
178140,tt0409182,28,Poseidon: The IMAX Experience,US,,,IMAX version,0.0
178224,tt0409379,8,Therese,US,,festival,,0.0
178572,tt0410097,2,Hustle & Flow,US,,imdbDisplay,,0.0
178727,tt0410377,6,Nim's Island,US,,imdbDisplay,,0.0
179692,tt0412019,13,Untitled Jim Jarmusch Project,US,,working,,0.0
179693,tt0412019,14,Broken Flowers,US,,imdbDisplay,,0.0
179694,tt0412019,16,Dead Flowers,US,,working,,0.0
180393,tt0413099,21,Evan Almighty,US,,,,0.0
180394,tt0413099,26,Bruce Almighty 2,US,,working,,0.0
180395,tt0413099,31,The Passion of the Ark,US,,,original script title,0.0
180396,tt0413099,38,Bruce: The Second Coming,US,,working,,0.0
181168,tt0414387,44,Pride & Prejudice,US,,imdbDisplay,,0.0
181394,tt0414853,10,Barnyard,US,,,,0.0
181395,tt0414853,23,Barnyard: The Original Party Animals,US,,,poster title,0.0
182146,tt0416212,16,The Secret Life of Bees,US,,imdbDisplay,,0.0
182157,tt0416236,31,The Spiderwick Chronicles,US,,,,0.0
182158,tt0416236,33,The Spiderwick Chronicles: The IMAX Experience,US,,,IMAX version,0.0
182647,tt0417217,15,For the Money,US,,working,,0.0
182648,tt0417217,8,Two for the Money,US,,,,0.0
182934,tt0418038,6,Outfoxed: Rupert Murdoch's War on Journalism,US,,,,0.0
183208,tt0418753,8,Inside Deep Throat,US,,imdbDisplay,,0.0
183812,tt0420223,11,Killing Harold Crick,US,,working,,0.0
183813,tt0420223,13,Stranger Than Fiction,US,,,,0.0
183987,tt0420609,30,Every Word Is True,US,,working,,0.0
183988,tt0420609,31,Have You Heard?,US,,working,,0.0
183989,tt0420609,4,Untitled Douglas McGrath Movie,US,,working,,0.0
183990,tt0420609,9,Infamous,US,,,,0.0
184986,tt0422720,25,Marie Antoinette,US,,imdbDisplay,,0.0
185641,tt0424095,32,Ratropolis,US,,working,,0.0
185847,tt0424885,2,C 41.11,US,,,short title,0.0
185848,tt0424885,3,Celsius 41.11: The Temperature at Which the Brain... Begins to Die,US,,,,0.0
185856,tt0424908,4,Copying Beethoven,US,,,,0.0
186689,tt0426883,20,Jesse James Hollywood,US,,working,,0.0
186871,tt0427229,13,Failure to Launch,US,,imdbDisplay,,0.0
186961,tt0427470,6,The Lookout,US,,,,0.0
187124,tt0427968,24,Trust the Man,US,,,,0.0
187135,tt0427998,3,Untitled Zak Penn Project,US,,working,,0.0
187136,tt0427998,6,The Grand,US,,,,0.0
187214,tt0428251,16,The Reaper,US,,working,,0.0
187215,tt0428251,2,Venom,US,,,,0.0
187216,tt0428251,6,Backwater,US,,working,,0.0
187903,tt0429589,12,The Ant Bully,US,,imdbDisplay,,0.0
187904,tt0429591,5,Aquamarine,US,,imdbDisplay,,0.0
188374,tt0430304,22,Little Man,US,,imdbDisplay,,0.0
188404,tt0430357,23,Miami Vice,US,,imdbDisplay,,0.0
188573,tt0430779,23,Yankee Irving,US,,working,,0.0
188574,tt0430779,4,Untitled IDT Entertainment Project,US,,working,,0.0
188727,tt0431021,26,Dibbuk Box,US,,working,,0.0
188728,tt0431021,30,The Possession,US,,,,0.0
188878,tt0431308,22,P.S. I Love You,US,,imdbDisplay,,0.0
189238,tt0432283,12,Fantastic Mr. Fox,US,,imdbDisplay,,0.0
189276,tt0432348,34,Saw II,US,,,,0.0
189277,tt0432348,7,Saw 2,US,,working,,0.0
189771,tt0433416,12,The Namesake,US,,imdbDisplay,,0.0
190903,tt0435651,6,The Giver,US,,imdbDisplay,,0.0
191121,tt0436078,1,The @r!$t* (r@t$,US,,,promotional title,0.0
191122,tt0436078,5,The Aristocrats,US,,,,0.0
191197,tt0436331,14,Friends with Money,US,,imdbDisplay,,0.0
193730,tt0441909,23,To Return,US,,,literal English title,0.0
194030,tt0443272,32,Office Seekers,US,,,fake working title,0.0
194031,tt0443272,6,Untitled Steven Spielberg/Abraham Lincoln Project,US,,working,,0.0
194032,tt0443272,8,Lincoln,US,,,,0.0
194126,tt0443446,7,Don't Tell,US,,,,0.0
194282,tt0443649,2,"10,000 BC",US,,,,0.0
194307,tt0443680,37,The Assassination of Jesse James by the Coward Robert Ford,US,,,,0.0
194308,tt0443680,4,The Assassination of Jesse James,US,,,short title,0.0
194877,tt0444682,17,The Reaping,US,,imdbDisplay,,0.0
195278,tt0445620,9,Paradise Now,US,,imdbDisplay,,0.0
195403,tt0445934,19,Blades of Glory,US,,imdbDisplay,,0.0
195474,tt0446029,12,Scott Pilgrim vs. the World,US,,,,0.0
195475,tt0446029,31,Scott Pilgrim's Precious Little Life,US,,working,,0.0
195768,tt0446755,32,The Painted Veil,US,,imdbDisplay,,0.0
196419,tt0448166,15,Two Weeks,US,,imdbDisplay,,0.0
196902,tt0449088,11,Pirates 3,US,,,informal short title,0.0
196903,tt0449088,22,Pirates of the Caribbean 3,US,,working,,0.0
196904,tt0449088,26,P.O.T.C. 3,US,,,promotional abbreviation,0.0
196905,tt0449088,39,Pirates of the Caribbean: At Worlds End,US,,working,,0.0
196906,tt0449088,43,Pirates of the Caribbean: At World's End,US,,,,0.0
196907,tt0449089,35,RV,US,,imdbDisplay,,0.0
196908,tt0449089,39,Recreational Vehicle,US,,,alternative spelling,0.0
197145,tt0449467,22,Babel,US,,imdbDisplay,,0.0
197487,tt0450188,30,La Vie En Rose,US,,imdbDisplay,,0.0
197607,tt0450385,8,1408,US,,imdbDisplay,,0.0
197973,tt0451069,6,The Gospel,US,,,,0.0
198572,tt0452623,32,Gone Baby Gone,US,,imdbDisplay,,0.0
198574,tt0452625,27,The Warm-Up Guy,US,,,original script title,0.0
198575,tt0452625,7,Good Luck Chuck,US,,,,0.0
198611,tt0452694,30,The Time Traveler's Wife,US,,imdbDisplay,,0.0
198900,tt0453451,37,Mr. Bean's Holiday,US,,imdbDisplay,,0.0
198933,tt0453494,21,Hoot,US,,imdbDisplay,,0.0
199303,tt0454082,21,Black Christmas,US,,,,0.0
199304,tt0454082,3,Black X-Mas,US,,,promotional abbreviation,0.0
199490,tt0454776,21,Amazing Grace,US,,imdbDisplay,,0.0
199522,tt0454848,16,Inside Man,US,,imdbDisplay,,0.0
199533,tt0454876,43,Life of Pi,US,,imdbDisplay,,0.0
199553,tt0454919,2,Pulse,US,,imdbDisplay,,0.0
199565,tt0454945,18,Dude Looks Like a Lady,US,,working,,0.0
199566,tt0454945,19,"Walk Like a Man, Talk Like a Man",US,,working,,0.0
199567,tt0454945,28,She's the Man,US,,,,0.0
199586,tt0454987,21,Let's Go to Prison,US,,,,0.0
199587,tt0454987,4,You Are Going to Prison,US,,working,,0.0
199831,tt0455538,8,How to Lose Friends & Alienate People,US,,imdbDisplay,,0.0
199980,tt0455805,21,Then She Found Me,US,,,,0.0
199991,tt0455824,14,Australia,US,,imdbDisplay,,0.0
200009,tt0455857,31,When a Stranger Calls,US,,imdbDisplay,,0.0
200084,tt0455967,4,John Tucker Must Die,US,,imdbDisplay,,0.0
200297,tt0456554,12,Nana's Boy,US,,working,,0.0
200298,tt0456554,15,Grandma's Boy,US,,,,0.0
200607,tt0457495,22,Alex Rider: Operation Stormbreaker,US,,,,0.0
200616,tt0457510,19,Untitled Jack Black Project,US,,working,,0.0
200617,tt0457510,22,Nacho Libre,US,,,,0.0
200618,tt0457513,9,Untitled Woody Allen Fall Project 2006,US,,working,,0.0
200966,tt0458339,14,The First Avenger: Captain America,US,,working,,0.0
200967,tt0458339,24,Captain America: The First Avenger,US,,,,0.0
200968,tt0458339,32,Captain America,US,,working,,0.0
200969,tt0458339,34,Frostbite,US,,,fake working title,0.0
200978,tt0458352,13,The Devil Wears Prada,US,,imdbDisplay,,0.0
202170,tt0460792,14,Coyote,US,,,fake working title,0.0
202585,tt0462200,4,Black Snake Moan,US,,imdbDisplay,,0.0
202656,tt0462322,10,Grind House,US,,,alternative spelling,0.0
202657,tt0462322,12,Grindhouse,US,,,,0.0
202658,tt0462322,6,Grindhouse: Double Feature,US,,,trailer title,0.0
202763,tt0462499,22,Rambo IV: End of Peace,US,,working,,0.0
202764,tt0462499,28,Rambo IV,US,,working,,0.0
202765,tt0462499,2,Rambo IV: Pearl of the Cobra,US,,working,,0.0
202766,tt0462499,36,John Rambo,US,,working,,0.0
202767,tt0462499,37,Rambo: First Blood Part IV,US,,,fake working title,0.0
202768,tt0462499,39,Rambo: To Hell and Back,US,,working,,0.0
202769,tt0462499,6,Rambo IV: In the Serpent's Eye,US,,working,,0.0
203048,tt0463034,5,"You, Me and Dupree",US,,imdbDisplay,,0.0
203648,tt0463985,19,The Fast and the Furious: Tokyo Drift,US,,,,0.0
203649,tt0463985,3,The Fast and the Furious 3,US,,working,,0.0
203660,tt0463998,2,Freedom Writers,US,,imdbDisplay,,0.0
203757,tt0464141,1,The Orphanage,US,,,,0.0
203765,tt0464154,17,Piranha 3D,US,,,promotional title,0.0
203766,tt0464154,20,Piranha,US,,alternative,,0.0
203767,tt0464154,26,Piranha 3-D,US,,,alternative spelling,0.0
204513,tt0465502,5,Igor,US,,imdbDisplay,,0.0
204542,tt0465538,11,Michael Clayton,US,,imdbDisplay,,0.0
205095,tt0466893,7,Margaret,US,,imdbDisplay,,0.0
206491,tt0469263,6,The Astronaut Farmer,US,,imdbDisplay,,0.0
206696,tt0469623,24,Things We Lost in the Fire,US,,imdbDisplay,,0.0
206705,tt0469641,24,September,US,,working,,0.0
206706,tt0469641,2,World Trade Center,US,,,,0.0
206707,tt0469641,33,Untitled Oliver Stone/September 11 Project,US,,working,,0.0
207127,tt0470765,10,For Your Consideration,US,,imdbDisplay,,0.0
207553,tt0472050,3,Bart Got a Room,US,,,,0.0
207646,tt0472198,10,Notorious,US,,,,0.0
207647,tt0472198,4,Untitled Notorious B.I.G. Project,US,,working,,0.0
209274,tt0475276,15,United 93,US,,,,0.0
209275,tt0475276,2,Flight 93,US,,working,,0.0
209666,tt0475998,10,The Pirates Who Don't Do Anything: A VeggieTales Movie,US,,,,0.0
210161,tt0477095,13,Starter for 10,US,,imdbDisplay,,0.0
210252,tt0477348,5,No Country for Old Men,US,,imdbDisplay,,0.0
210270,tt0477392,2,Angel from Montgomery,US,,working,,0.0
210271,tt0477392,8,Untitled Toby Keith Project,US,,working,,0.0
210272,tt0477392,9,Broken Bridges,US,,,,0.0
210537,tt0478087,19,21,US,,,,0.0
210538,tt0478087,23,Untitled Blackjack Picture,US,,working,,0.0
210539,tt0478087,9,21 - The Movie,US,,,promotional title,0.0
211133,tt0479143,26,Rocky VI,US,,working,,0.0
211134,tt0479143,28,Rocky Balboa,US,,,,0.0
211135,tt0479143,5,Rocky VI: Puncher's Chance,US,,working,,0.0
211314,tt0479500,22,Nancy Drew: The Mystery in Hollywood Hills,US,,working,,0.0
211315,tt0479500,2,Nancy Drew,US,,,,0.0
211319,tt0479528,14,Rogue,US,,imdbDisplay,,0.0
211452,tt0479884,35,Crank,US,,imdbDisplay,,0.0
211501,tt0479952,10,Madagascar 2: Escape to Africa,US,,working,,0.0
211502,tt0479952,15,Madagascar: The Crate Escape,US,,working,,0.0
211503,tt0479952,34,Madagascar: Escape 2 Africa,US,,,,0.0
211504,tt0479952,38,Madagascar 2,US,,working,,0.0
211505,tt0479952,40,Madagascar: Escape 2 Africa - The IMAX Experience,US,,,IMAX version,0.0
211614,tt0480239,12,Atlas Shrugged: Part I,US,,,promotional title,0.0
211615,tt0480239,2,Atlas Shrugged: Part One,US,,dvd,,0.0
212542,tt0482599,31,Shutter,US,,,,0.0
212545,tt0482603,5,Space Chimps,US,,imdbDisplay,,0.0
212548,tt0482606,12,The Faces,US,,,original script title,0.0
212549,tt0482606,23,The Strangers,US,,,,0.0
212960,tt0483726,7,Man of the Year,US,,imdbDisplay,,0.0
213633,tt0485601,13,The Secret of Kells,US,,imdbDisplay,,0.0
213743,tt0485985,14,Red Tails,US,,imdbDisplay,,0.0
213758,tt0486028,3,Three,US,,,orthographically correct title,0.0
213854,tt0486259,9,American Teen,US,,,,0.0
213965,tt0486551,4,Beerfest,US,,imdbDisplay,,0.0
214093,tt0486822,22,Disturbia,US,,imdbDisplay,,0.0
214841,tt0489049,18,Fanboys,US,,imdbDisplay,,0.0
214859,tt0489099,5,Jumper,US,,imdbDisplay,,0.0
214974,tt0489237,31,The Nanny Diaries,US,,imdbDisplay,,0.0
214986,tt0489270,32,Saw III,US,,imdbDisplay,,0.0
214991,tt0489281,16,Stop-Loss,US,,,,0.0
214992,tt0489281,23,Untitled Kimberly Peirce Project,US,,working,,0.0
214993,tt0489282,3,Strange Wilderness,US,,imdbDisplay,,0.0
215241,tt0490196,7,Phat Girlz,US,,,,0.0
215733,tt0491747,2,Away from Her,US,,imdbDisplay,,0.0
216480,tt0493405,19,CHIPS,US,,imdbDisplay,,0.0
216497,tt0493430,20,Jackass: The Sequel,US,,working,,0.0
216498,tt0493430,21,Jackass 2: The Son of Jackass,US,,working,,0.0
216499,tt0493430,6,Jackass: The Movie 2,US,,working,,0.0
216500,tt0493430,9,Jackass Number Two,US,,,,0.0
216516,tt0493464,32,Wanted,US,,imdbDisplay,,0.0
218294,tt0497465,32,Woody Allen Spanish Project,US,,working,,0.0
218295,tt0497465,33,Summer Wedding,US,,working,,0.0
218296,tt0497465,3,Woody Allen Summer Project 2007,US,,working,,0.0
218470,tt0497972,1,Sex and Death 101,US,,,,0.0
218984,tt0499554,13,Reno 911!: Miami,US,,,,0.0
218985,tt0499554,15,Reno 911!: Miami: The Movie,US,,,complete title,0.0
266727,tt0758746,2,Friday the 13th,US,,imdbDisplay,,0.0
266741,tt0758758,12,Into the Wild,US,,imdbDisplay,,0.0
266756,tt0758774,12,Penetration,US,,working,,0.0
266757,tt0758774,14,House of Lies,US,,working,,0.0
266758,tt0758774,21,Chatter,US,,working,,0.0
266759,tt0758774,33,Body of Lies,US,,,,0.0
267366,tt0762114,10,License to Wed,US,,imdbDisplay,,0.0
267374,tt0762121,13,The Nativity Story,US,,,,0.0
267375,tt0762121,21,Nativity,US,,working,,0.0
267378,tt0762125,23,Planet 51,US,,imdbDisplay,,0.0
268013,tt0765476,21,Starship Dave,US,,working,,0.0
268014,tt0765476,5,Meet Dave,US,,,,0.0
268724,tt0770703,13,20 Times a Lady,US,,working,,0.0
268725,tt0770703,7,What's Your Number?,US,,,,0.0
268765,tt0770752,12,Fool's Gold,US,,imdbDisplay,,0.0
269658,tt0775529,18,The Savages,US,,,,0.0
269664,tt0775539,15,Stomp the Yard,US,,,,0.0
269665,tt0775539,4,Steppin',US,,working,,0.0
269666,tt0775539,5,Step Show,US,,working,,0.0
269667,tt0775539,9,Stompin',US,,working,,0.0
269680,tt0775552,30,They Came from Upstairs,US,,working,,0.0
269681,tt0775552,9,Aliens in the Attic,US,,,,0.0
270387,tt0778661,1,Tyler Perry's Daddy's Little Girls,US,,,complete title,0.0
270388,tt0778661,9,Daddy's Little Girls,US,,,,0.0
270733,tt0780504,19,Drive,US,,imdbDisplay,,0.0
270812,tt0780622,4,Teeth,US,,imdbDisplay,,0.0
271670,tt0785006,25,Hotel for Dogs,US,,imdbDisplay,,0.0
271729,tt0785077,4,Who's Your Caddy?,US,,imdbDisplay,,0.0
272045,tt0787474,16,The Boxtrolls,US,,,,0.0
272046,tt0787474,36,Here Be Monsters,US,,working,,0.0
272855,tt0791304,16,Georgia Rule,US,,imdbDisplay,,0.0
273793,tt0796366,1,Star Trek: The Future Begins,US,,alternative,,0.0
273794,tt0796366,21,Corporate Headquarters,US,,,fake working title,0.0
273795,tt0796366,27,Star Trek,US,,,,0.0
273796,tt0796366,30,The Ernest Castelhun Chronicles,US,,,fake working title,0.0
273797,tt0796366,32,Untitled Walter Lace Project,US,,,fake working title,0.0
273798,tt0796366,33,Star Trek XI,US,,working,,0.0
273799,tt0796366,54,Corporate HQ,US,,,fake working title,0.0
273800,tt0796366,5,Star Trek Zero,US,,working,,0.0
273801,tt0796366,9,Star Trek: The IMAX Experience,US,,,IMAX version,0.0
273802,tt0796368,1,Petey Greene's Washington,US,,working,,0.0
273803,tt0796368,2,Talk to Me,US,,,,0.0
274292,tt0799949,17,Bob Baily's Disco Balls,US,,working,,0.0
274293,tt0799949,21,Epic Movie,US,,,,0.0
274294,tt0799949,6,Bob Bailey,US,,working,,0.0
274350,tt0800027,5,Feast of Love,US,,imdbDisplay,,0.0
274357,tt0800039,22,Forgetting Sarah Marshall,US,,imdbDisplay,,0.0
274371,tt0800069,3,The Hills Have Eyes 2,US,,imdbDisplay,,0.0
274541,tt0800308,9,Appaloosa,US,,imdbDisplay,,0.0
274547,tt0800320,3,Clash of the Titans,US,,imdbDisplay,,0.0
274922,tt0803057,12,Quebec,US,,working,,0.0
274923,tt0803057,5,The Promotion,US,,,,0.0
275197,tt0804516,11,P2,US,,,,0.0
275436,tt0805564,11,Lars and the Real Girl,US,,imdbDisplay,,0.0
275628,tt0806203,22,The Untitled Pastor Brothers Project,US,,working,,0.0
275629,tt0806203,23,Carriers,US,,,,0.0
276011,tt0808151,27,Angels & Demons,US,,,,0.0
276012,tt0808151,6,Obelisk,US,,,fake working title,0.0
276087,tt0808279,10,Funny Games,US,,,,0.0
276790,tt0810922,12,Take Me Home Tonight,US,,,,0.0
276791,tt0810922,18,That '80s Movie,US,,working,,0.0
276792,tt0810922,20,Kids in America,US,,working,,0.0
276793,tt0810922,6,Young Americans,US,,working,,0.0
277279,tt0814075,3,Deliver Us from Evil,US,,,,0.0
277886,tt0816442,24,The Book Thief,US,,imdbDisplay,,0.0
279172,tt0821642,23,Imagining Beethoven,US,,working,,0.0
279301,tt0822847,29,Priest,US,,imdbDisplay,,0.0
279744,tt0825232,34,The Bucket List,US,,imdbDisplay,,0.0
279746,tt0825236,4,Caramel,US,,imdbDisplay,,0.0
280487,tt0828393,2,Garden Party,US,,imdbDisplay,,0.0
280633,tt0829150,29,Dracula Year Zero,US,,working,,0.0
280634,tt0829150,2,Dracula Untold,US,,,,0.0
281581,tt0834001,18,Untitled Underworld Prequel,US,,working,,0.0
281582,tt0834001,32,Underworld: Rise of the Lycans,US,,,,0.0
281583,tt0834001,39,Underworld 3,US,,working,,0.0
281584,tt0834001,4,Underworld 3: Rise of the Lycans,US,,working,,0.0
282268,tt0837562,18,Hotel Transylvania,US,,imdbDisplay,,0.0
282269,tt0837563,11,Pet Sematary,US,en,,,0.0
282270,tt0837563,31,Pet Sematary,US,,imdbDisplay,,0.0
283841,tt0844671,8,College,US,,imdbDisplay,,0.0
283889,tt0844768,7,Vince Vaughn's Wild West Comedy Show: 30 Days & 30 Nights - Hollywood to the Heartland,US,,,complete title,0.0
283890,tt0844768,8,Wild West Comedy Show: 30 Days & 30 Nights - Hollywood to the Heartland,US,,,,0.0
284120,tt0845046,7,Son of Rambow,US,,imdbDisplay,,0.0
284343,tt0846308,15,An American Girl Mystery,US,,alternative,,0.0
284344,tt0846308,5,Kit Kittredge: An American Girl,US,,,,0.0
284345,tt0846308,8,Kit Kittredge: An American Girl Mystery,US,,working,,0.0
284885,tt0848228,20,Group Hug,US,,,fake working title,0.0
284886,tt0848228,46,The Avengers,US,,imdbDisplay,,0.0
284887,tt0848228,49,Marvel's The Avengers,US,,,complete title,0.0
285748,tt0852713,1,The House Bunny,US,,,,0.0
285749,tt0852713,25,Untitled Anna Faris Project,US,,working,,0.0
285750,tt0852713,8,I Know What Boys Like,US,,working,,0.0
286423,tt0857191,24,The Visitor,US,,imdbDisplay,,0.0
286822,tt0859635,18,Super Troopers 2,US,,imdbDisplay,,0.0
288143,tt0866437,4,The Jane Austen Book Club,US,,imdbDisplay,,0.0
288781,tt0870195,5,Before the Rains,US,,,,0.0
290251,tt0880578,10,www.StreamingEvil.com,US,,working,,0.0
290252,tt0880578,29,Streaming Evil,US,,,original script title,0.0
290253,tt0880578,2,Urgency,US,,working,,0.0
290254,tt0880578,3,Untraceable,US,,,,0.0
290371,tt0881320,10,Sanctum,US,,,,0.0
290372,tt0881320,3,James Cameron's Sanctum,US,,,complete title,0.0
290431,tt0881891,22,All About Steve,US,,imdbDisplay,,0.0
290811,tt0884726,16,Dorothy of Oz,US,,working,,0.0
290812,tt0884726,29,Legends of Oz: Dorothy's Return,US,,,,0.0
291245,tt0887883,15,Burn After Reading,US,,imdbDisplay,,0.0
291261,tt0887912,6,The Hurt Locker,US,,imdbDisplay,,0.0
291400,tt0888693,5,Ferris Wheel,US,,working,,0.0
291662,tt0890870,20,Saw IV,US,,imdbDisplay,,0.0
291764,tt0891527,22,Lions for Lambs,US,,imdbDisplay,,0.0
291791,tt0891592,29,Street Fighter: The Legend of Chun-Li,US,,imdbDisplay,,0.0
291932,tt0892318,24,Letters to Juliet,US,,imdbDisplay,,0.0
291965,tt0892375,2,Untitled U2 Concert Project,US,,working,,0.0
291966,tt0892375,3,U2 3D,US,,,,0.0
292075,tt0892782,11,Rex Havoc,US,,alternative,,0.0
292076,tt0892782,19,Monsters vs. Aliens,US,,,,0.0
292077,tt0892782,2,Creature Feature,US,,working,,0.0
292078,tt0892782,32,Monsters vs. Aliens: A Monstrous IMAX 3D Experience,US,,,IMAX version,0.0
293654,tt0903624,22,The Hobbit: An Unexpected Journey,US,,,complete title,0.0
296744,tt0926129,25,Prom Night,US,,imdbDisplay,,0.0
297169,tt0929632,13,Precious,US,,,,0.0
297170,tt0929632,30,Precious,US,en,,,0.0
297171,tt0929632,31,Push: Based on the Novel by Sapphire,US,,working,,0.0
297172,tt0929632,35,Precious: Based on the Novel 'Push' by Sapphire,US,,,promotional title,0.0
297173,tt0929632,8,Precious: Base on Nol by Saf (Based on the Novel 'Push' by Sapphire),US,,,complete title,0.0
297174,tt0929632,9,Push,US,,festival,,0.0
298307,tt0938283,20,Avatar: The Last Airbender,US,,working,,0.0
298308,tt0938283,38,The Last Airbender,US,,,,0.0
299690,tt0947798,21,Black Swan,US,,imdbDisplay,,0.0
301344,tt0960731,6,Bedtime Stories,US,,imdbDisplay,,0.0
301777,tt0963194,5,Repo! The Genetic Opera,US,,imdbDisplay,,0.0
301865,tt0963794,12,The Ruins,US,,imdbDisplay,,0.0
301976,tt0964539,19,Pathology,US,,,,0.0
302761,tt0970416,14,D.T.E.S.S.,US,,,promotional abbreviation,0.0
302762,tt0970416,25,The Day the Earth Stood Still: The IMAX Experience,US,,,IMAX version,0.0
302763,tt0970416,42,The Day the Earth Stood Still,US,,,,0.0
303390,tt0975645,13,Hitchcock,US,,,new title,0.0
303391,tt0975645,18,Hitchcock and the Making of Psycho,US,,,original script title,0.0
303392,tt0975645,2,Alfred Hitchcock and the Making of 'Psycho',US,,working,,0.0
304241,tt0981227,3,Nick and Norah's Infinite Playlist,US,,imdbDisplay,,0.0
304557,tt0983946,13,Fantasy Island,US,,imdbDisplay,,0.0
304558,tt0983946,28,Blumhouse's Fantasy Island,US,,,poster title,0.0
304839,tt0986263,9,Surrogates,US,,imdbDisplay,,0.0
305215,tt0988595,38,27 Dresses,US,,imdbDisplay,,0.0
306888,tt1000774,18,Sex and the City: The Movie,US,,dvd,,0.0
306889,tt1000774,19,Sex and the City,US,,,,0.0
307917,tt1007029,33,The Iron Lady,US,,imdbDisplay,,0.0
308863,tt1013753,15,Untitled Harvey Milk Project,US,,working,,0.0
308864,tt1013753,1,Milk,US,,,,0.0
308992,tt1014763,16,Child 44,US,,imdbDisplay,,0.0
309573,tt1017451,2,Neon Angels,US,,working,,0.0
309574,tt1017451,8,The Runaways,US,,,,0.0
309907,tt1018785,13,The Sisterhood of the Traveling Pants 2,US,,imdbDisplay,,0.0
310145,tt1020072,16,Selma,US,,imdbDisplay,,0.0
310634,tt1022603,28,500 Days of Summer,US,en,,,0.0
310635,tt1022603,45,500 Days of Summer,US,,imdbDisplay,,0.0
312602,tt1032751,19,The Warrior,US,,,informal alternative title,0.0
312603,tt1032751,3,Laundry Warrior,US,,working,,0.0
312905,tt1034324,5,Our Lady of Victory,US,,working,,0.0
312906,tt1034324,6,The Mighty Macs,US,,,,0.0
313552,tt1037705,35,The Book of Eli,US,,imdbDisplay,,0.0
313765,tt1038686,28,Legion,US,,imdbDisplay,,0.0
313804,tt1038919,13,The Bounty Hunter,US,,,,0.0
313805,tt1038919,18,Untitled Sarah Thorp Project,US,,working,,0.0
313806,tt1038919,21,The Bounty,US,,working,,0.0
314366,tt1041829,2,The Proposal,US,,imdbDisplay,,0.0
314635,tt1042877,2,Cadillac Records,US,,imdbDisplay,,0.0
315305,tt1045658,9,Silver Linings Playbook,US,,imdbDisplay,,0.0
315377,tt1046163,28,My Best Friend's Girl,US,,,,0.0
315378,tt1046163,31,How to Lose a Girl in One Date,US,,working,,0.0
315379,tt1046163,9,Bachelor No. 2,US,,working,,0.0
315526,tt1047007,7,Young@Heart,US,,,new title,0.0
315527,tt1047007,8,Young at Heart,US,,,alternative spelling,0.0
316982,tt1054588,13,Flash of Genius,US,,imdbDisplay,,0.0
317855,tt1059786,10,Eagle Eye: The IMAX Experience,US,,,IMAX version,0.0
317856,tt1059786,12,Eagle Eye,US,,,,0.0
319830,tt1071875,23,Ghost Rider 2: Spirit of Vengeance,US,,working,,0.0
319831,tt1071875,37,Ghost Rider: Spirit of Vengeance,US,,,,0.0
319832,tt1071875,5,Ghost Rider 2,US,,working,,0.0
319997,tt1072748,10,Winchester,US,,imdbDisplay,,0.0
319998,tt1072748,14,The 13th Hour,US,,working,,0.0
319999,tt1072748,30,Winchester: The House That Ghosts Built,US,,working,,0.0
320376,tt1074638,24,Skyfall,US,,imdbDisplay,,0.0
320998,tt1078588,31,My Sister's Keeper,US,,imdbDisplay,,0.0
321858,tt1082601,13,Fighting,US,,,,0.0
321859,tt1082601,24,Untitled Dito Montiel Project,US,,working,,0.0
321900,tt1082868,10,Quarantine,US,,,,0.0
321901,tt1082868,20,Quarantined,US,,working,,0.0
321996,tt1083452,11,The Eagle,US,,,informal short title,0.0
321997,tt1083452,1,Eddie the Eagle,US,,imdbDisplay,,0.0
322655,tt1086772,14,Blended,US,,,,0.0
322656,tt1086772,5,The Familymoon,US,,working,,0.0
323510,tt1091229,10,Made in China,US,,,informal alternative title,0.0
323921,tt1092633,10,The Goods: The Don Ready Story,US,,working,,0.0
323922,tt1092633,16,"The Goods: Live Hard, Sell Hard",US,,,,0.0
328567,tt1104733,8,Hamlet 2,US,,imdbDisplay,,0.0
329554,tt1106860,12,Ca$h,US,,,,0.0
329555,tt1106860,16,Ca$h!,US,,working,,0.0
329556,tt1106860,17,The Root of All Evil,US,,working,,0.0
329558,tt1106860,3,The Cache,US,,working,,0.0
329729,tt1107319,13,Dirty Girl,US,,,,0.0
332067,tt1111948,10,Soul Men,US,,,,0.0
333550,tt1114677,9,Hannah Montana: The Movie,US,,imdbDisplay,,0.0
338117,tt1124035,20,Farragut North,US,,working,,0.0
338118,tt1124035,36,The Ides of March,US,,,,0.0
338124,tt1124037,11,Free State of Jones,US,,imdbDisplay,,0.0
339432,tt1126618,3,Morning Glory,US,,imdbDisplay,,0.0
340649,tt1129423,7,Fireproof,US,,imdbDisplay,,0.0
341080,tt1130080,29,The Informant!,US,,imdbDisplay,,0.0
343793,tt1135487,21,Duplicity,US,,imdbDisplay,,0.0
343811,tt1135503,22,Julie & Julia,US,,imdbDisplay,,0.0
343826,tt1135525,5,The Slammin' Salmon,US,,imdbDisplay,,0.0
345728,tt1139592,12,Jeepers Creepers III,US,,imdbDisplay,,0.0
347076,tt1142433,18,Post Grad,US,,,,0.0
347077,tt1142433,2,Ticket to Ride,US,,working,,0.0
347078,tt1142433,5,The Post Grad Survival Guide,US,,working,,0.0
347320,tt1142800,3,Madea Goes to Jail,US,,,,0.0
347323,tt1142800,7,Tyler Perry's Madea Goes to Jail,US,,,complete title,0.0
351479,tt1151922,17,Playboys,US,,working,,0.0
351480,tt1151922,20,Miss February,US,,working,,0.0
351482,tt1151922,9,Miss March,US,,,,0.0
352770,tt1155056,14,Let's Make Friends,US,,,original script title,0.0
352771,tt1155056,18,"I Love You, Man",US,,,,0.0
355859,tt1161418,9,Gentlemen Broncos,US,,,,0.0
360051,tt1170358,13,The Hobbit Part 2,US,,,long title,0.0
360052,tt1170358,30,The Hobbit: The Desolation of Smaug,US,,,,0.0
360053,tt1170358,39,There and Back Again Part 2,US,,,informal title,0.0
361739,tt1174041,6,Me and Mrs Khanna,US,,,informal English title,0.0
362581,tt1175506,4,Me and Orson Welles,US,,imdbDisplay,,0.0
364279,tt1179056,22,A Nightmare on Elm Street 9,US,,working,,0.0
364280,tt1179056,28,A Nightmare on Elm Street,US,,,,0.0
364404,tt1179258,1,Chéri,US,,imdbDisplay,,0.0
364637,tt1179933,18,10 Cloverfield Lane,US,,imdbDisplay,,0.0
364638,tt1179933,5,Valencia,US,,working,,0.0
365996,tt1182937,8,A Match Made by God,US,,,informal English title,0.0
366951,tt1186370,31,Spread,US,,imdbDisplay,,0.0
368187,tt1195478,25,The Five-Year Engagement,US,,imdbDisplay,,0.0
368796,tt1198138,14,Obsessed,US,,,,0.0
368797,tt1198138,16,Oh No She Didn't,US,,working,,0.0
369351,tt1201167,16,Untitled Judd Apatow/Adam Sandler Project,US,,working,,0.0
369352,tt1201167,9,Funny People,US,,,,0.0
369932,tt1205489,17,Gran Torino,US,,imdbDisplay,,0.0
370528,tt1210071,10,Janky Promoters,US,,alternative,,0.0
370529,tt1210071,5,The Janky Promoters,US,,,,0.0
370708,tt1210819,27,The Lone Ranger,US,,imdbDisplay,,0.0
370966,tt1212419,4,Hereafter,US,,imdbDisplay,,0.0
370978,tt1212436,24,The Back-up Plan,US,,,,0.0
370979,tt1212436,25,Plan B,US,,working,,0.0
371034,tt1213012,19,Alpha and Omega,US,,,,0.0
371035,tt1213012,27,Alpha and Omega in 3D,US,,,promotional title,0.0
371254,tt1214962,28,Seeking Justice,US,,,,0.0
371255,tt1214962,35,The Hungry Rabbit Jumps,US,,working,,0.0
371699,tt1217613,22,Battle Los Angeles,US,,imdbDisplay,,0.0
371931,tt1219289,13,Limitless,US,,,,0.0
371932,tt1219289,18,The Dark Fields,US,,working,,0.0
371949,tt1219342,11,Guardians of Ga'Hoole,US,,working,,0.0
371950,tt1219342,12,Legend of the Guardians: The Owls of Ga'Hoole,US,,,,0.0
373026,tt1226229,33,Get Him to the Greek,US,,,,0.0
373027,tt1226229,9,Get Me to the Gig,US,,working,,0.0
373102,tt1226753,16,The Debt,US,,imdbDisplay,,0.0
374160,tt1233227,24,Saw VI,US,,imdbDisplay,,0.0
374537,tt1235187,9,Where Hands Touch,US,,imdbDisplay,,0.0
374578,tt1235522,14,Broken City,US,,,,0.0
374620,tt1235830,12,Chico & Rita,US,,imdbDisplay,,0.0
374907,tt1237838,1,Mystery Team,US,,imdbDisplay,,0.0
376021,tt1245526,20,RED,US,,imdbDisplay,,0.0
376363,tt1247662,12,The Good Guy,US,,imdbDisplay,,0.0
376737,tt1250777,36,Kick-Ass,US,,imdbDisplay,,0.0
376889,tt1251757,7,Middle Men,US,,imdbDisplay,,0.0
379428,tt1267297,20,Hercules,US,,imdbDisplay,,0.0
379609,tt1268799,20,A Very Harold & Kumar 3D Christmas,US,,,,0.0
379610,tt1268799,6,Harold & Kumar 3,US,,working,,0.0
379816,tt1270277,11,Sympathy for Delicious,US,,,,0.0
379933,tt1270798,16,X-Men: First Class,US,,,poster title,0.0
379934,tt1270798,25,X-Men: First Class,US,en,imdbDisplay,,0.0
379935,tt1270798,26,X-Men Origins: Magneto,US,,working,,0.0
380043,tt1272878,13,2 Guns,US,,,,0.0
380044,tt1272878,7,Two Guns,US,,,alternative spelling,0.0
380081,tt1273221,10,London Fields,US,,imdbDisplay,,0.0
380789,tt1277737,6,The Stoning of Soraya M.,US,,imdbDisplay,,0.0
382047,tt1285016,35,The Social Network,US,,imdbDisplay,,0.0
382297,tt1286821,1,More Than a Game,US,,imdbDisplay,,0.0
382601,tt1289401,26,Ghostbusters 3,US,,working,,0.0
382602,tt1289401,29,Ghostbusters,US,,imdbDisplay,,0.0
382603,tt1289401,3,Ghostbusters,US,en,,,0.0
382604,tt1289401,40,Flapjack,US,,,fake working title,0.0
382605,tt1289401,44,Untitled Ghostbusters Reboot,US,,working,,0.0
382606,tt1289401,6,Ghostbusters: Answer the Call,US,,,closing credits title,0.0
383311,tt1293847,1,xXx: Return of Xander Cage,US,,imdbDisplay,,0.0
384195,tt1300851,12,The Boondock Saints II: All Saints Day,US,,imdbDisplay,,0.0
384200,tt1300854,16,Iron Man 3,US,en,imdbDisplay,,0.0
384201,tt1300854,40,Marvel Iron Man 3,US,,,promotional title,0.0
384202,tt1300854,45,Caged Heat,US,,,fake working title,0.0
384900,tt1306980,10,I'm with Cancer,US,,working,,0.0
384901,tt1306980,12,Untitled Cancer Comedy,US,,working,,0.0
384902,tt1306980,21,Live with It,US,,working,,0.0
384903,tt1306980,28,Untitled Seth Rogen Project,US,,working,,0.0
384904,tt1306980,29,50/50,US,,,,0.0
384930,tt1307068,19,Seeking a Friend for the End of the World,US,,imdbDisplay,,0.0
385482,tt1311060,3,A.C.O.D.,US,,,,0.0
385483,tt1311060,4,Adult Children of Divorce,US,,,informal title,0.0
385681,tt1312254,1,Skateland,US,,,,0.0
385920,tt1314655,22,Devil,US,,imdbDisplay,,0.0
386463,tt1318514,11,Genesis: Apes,US,,working,,0.0
386464,tt1318514,24,Rise of the Apes,US,,working,,0.0
386465,tt1318514,32,Caesar: Rise of the Apes,US,,working,,0.0
386466,tt1318514,33,Planet of the Apes: Genesis,US,,working,,0.0
386467,tt1318514,42,Caesar,US,,working,,0.0
386468,tt1318514,8,Rise of the Planet of the Apes,US,,,,0.0
386470,tt1318517,8,The Man Who Killed Don Quixote,US,,imdbDisplay,,0.0
386955,tt1321511,17,Oldboy,US,,,original script title,0.0
387012,tt1321860,4,The Beaver,US,,imdbDisplay,,0.0
387066,tt1322312,1,Going the Distance,US,,imdbDisplay,,0.0
387522,tt1324999,1,Twilight 4,US,,,informal title,0.0
387523,tt1324999,24,Breaking Dawn: Part 1,US,,,short title,0.0
387524,tt1324999,26,Breaking Dawn,US,,,short title,0.0
387525,tt1324999,7,The Twilight Saga: Breaking Dawn - Part 1,US,,,,0.0
388023,tt1327194,26,The Lucky One,US,,imdbDisplay,,0.0
388676,tt1332100,3,The Big Gay Musical,US,,,,0.0
389317,tt1336617,3,Untitled Duplass Brothers Project,US,,working,,0.0
389318,tt1336617,7,Cyrus,US,,,,0.0
390594,tt1341188,11,Everything You've Got,US,,working,,0.0
390595,tt1341188,24,How Do You Know,US,,,,0.0
390596,tt1341188,29,How Do You Know?,US,,working,,0.0
390597,tt1341188,32,Untitled James L. Brooks Comedy,US,,working,,0.0
395427,tt1365519,10,Tomb Raider,US,,imdbDisplay,,0.0
396810,tt1371111,9,Cloud Atlas,US,,imdbDisplay,,0.0
400481,tt1389127,24,Texas Killing Fields,US,,,,0.0
400482,tt1389127,28,The Texas Killing Fields,US,,working,,0.0
400483,tt1389127,4,The Fields,US,,working,,0.0
401556,tt1396221,14,Passion Play,US,,imdbDisplay,,0.0
402036,tt1399103,21,Transformers: Dark of the Moon 3D,US,,,3-D version,0.0
402037,tt1399103,23,Transformers: Dark of the Moon - An IMAX 3D Experience,US,,,IMAX version,0.0
402038,tt1399103,26,Transformers 3,US,,working,,0.0
402039,tt1399103,29,Transformers 3: Dark of the Moon,US,,working,,0.0
402040,tt1399103,46,Transformers: Dark of the Moon,US,en,,,0.0
402041,tt1399103,52,Transformers: Dark of the Moon,US,,,,0.0
402042,tt1399103,9,D.O.T.M.,US,,,promotional abbreviation,0.0
402425,tt1401152,15,Unknown,US,,imdbDisplay,,0.0
402426,tt1401152,18,Unknown White Male,US,,working,,0.0
403322,tt1408101,13,Star Trek XII,US,,working,,0.0
403323,tt1408101,17,Star Trek Into Darkness,US,,,,0.0
403324,tt1408101,22,Untitled Star Trek Sequel,US,,working,,0.0
403325,tt1408101,27,Star Trek 2,US,,working,,0.0
403326,tt1408101,35,2,US,,,promotional title,0.0
403344,tt1408253,18,Ride Along,US,,imdbDisplay,,0.0
404990,tt1415283,35,Nanny McPhee Returns,US,,,new title,0.0
407863,tt1431045,15,X-Men Origins: Deadpool,US,,working,,0.0
407864,tt1431045,30,Deadpool,US,,imdbDisplay,,0.0
407865,tt1431045,32,X-Men: Deadpool,US,,working,,0.0
407866,tt1431045,40,Skullpoopl,US,,,promotional title,0.0
407867,tt1431045,8,Deadpool,US,en,,,0.0
408597,tt1433813,15,Hubble 3D,US,,imdbDisplay,,0.0
409133,tt1438176,18,Fright Night,US,,imdbDisplay,,0.0
409134,tt1438176,6,Frightnight,US,,,alternative spelling,0.0
409491,tt1440292,3,Submarine,US,,imdbDisplay,,0.0
409542,tt1440379,2,Virginia,US,en,,,0.0
409543,tt1440379,6,Virginia,US,,imdbDisplay,,0.0
409787,tt1441952,3,Salmon Fishing in the Yemen,US,,imdbDisplay,,0.0
410461,tt1446192,5,Rise of the Guardians,US,,imdbDisplay,,0.0
410795,tt1448755,3,Killer Elite,US,,imdbDisplay,,0.0
412406,tt1458169,15,Kidnap,US,,imdbDisplay,,0.0
413175,tt1462758,29,Buried,US,,imdbDisplay,,0.0
414166,tt1469304,2,Baywatch,US,,imdbDisplay,,0.0
414888,tt1473832,28,Bridget Jones's Baby,US,,,,0.0
414889,tt1473832,35,Bridget Jones 3,US,,,informal title,0.0
415541,tt1477076,1,Saw VII,US,,working,,0.0
415542,tt1477076,23,Jigsaw Puzzle 3D,US,,,3-D version,0.0
415543,tt1477076,25,Saw VII 3D,US,,,promotional title,0.0
415544,tt1477076,44,Saw 3D: The Final Chapter,US,,video,,0.0
415545,tt1477076,8,Saw: The Final Chapter,US,,,,0.0
415702,tt1477837,19,Cedar Rapids,US,,imdbDisplay,,0.0
415924,tt1478839,24,The Art of Racing in the Rain,US,en,imdbDisplay,,0.0
416261,tt1480656,6,Cosmopolis,US,,imdbDisplay,,0.0
416559,tt1482459,18,Dr. Seuss' The Lorax,US,,,complete title,0.0
416560,tt1482459,39,Dr. Seuss' The Lorax: An IMAX 3D Experience,US,,,IMAX version,0.0
416561,tt1482459,8,The Lorax,US,,imdbDisplay,,0.0
416683,tt1483013,38,Horizons,US,,working,,0.0
416684,tt1483013,5,Oblivion,US,,,,0.0
417216,tt1485796,33,The Greatest Showman,US,,imdbDisplay,,0.0
417245,tt1486185,21,Red Riding Hood,US,,,,0.0
417246,tt1486185,35,The Girl with the Red Riding Hood,US,,working,,0.0
419802,tt1499658,14,Horrible Bosses,US,,imdbDisplay,,0.0
420337,tt1502397,15,Bad Boys For Life,US,,imdbDisplay,,0.0
420338,tt1502397,22,Bad Boys for Life,US,en,,,0.0
420339,tt1502397,36,Bad Boys 3,US,,working,,0.0
420346,tt1502404,35,Drive Angry 3D,US,,,promotional title,0.0
420347,tt1502404,37,Drive Angry,US,,,,0.0
423721,tt1520498,3,The Oogieloves in the Big Balloon Adventure,US,,,,0.0
424535,tt1524137,22,Contraband,US,,imdbDisplay,,0.0
425319,tt1528854,4,World's Greatest Brad,US,,working,,0.0
425320,tt1528854,5,Daddy's Home,US,,imdbDisplay,,0.0
425918,tt1532957,2,Father,US,,,informal English title,0.0
425937,tt1533013,1,Beautiful Boy,US,,imdbDisplay,,0.0
426411,tt1535109,1,Maersk Alabama,US,,working,,0.0
426412,tt1535109,22,Captain Phillips,US,,imdbDisplay,,0.0
426413,tt1535109,7,A Captain's Duty,US,,working,,0.0
426618,tt1535612,11,The Son of No One,US,,imdbDisplay,,0.0
427742,tt1540011,34,The Woods,US,,working,,0.0
427743,tt1540011,35,The Blair Witch Project 3,US,,,informal title,0.0
427744,tt1540011,5,Blair Witch,US,,imdbDisplay,,0.0
429303,tt1545106,11,Vamps,US,,imdbDisplay,,0.0
429433,tt1545660,8,Knights of Badassdom,US,,imdbDisplay,,0.0
430321,tt1549920,25,The Last Stand,US,,imdbDisplay,,0.0
431048,tt1554091,17,The Gardener,US,,working,,0.0
431049,tt1554091,4,A Better Life,US,,,,0.0
431269,tt1555064,8,Country Strong,US,,,,0.0
431270,tt1555064,9,Love Don't Let Me Down,US,,working,,0.0
432376,tt1560957,2,I Want Your Money,US,,,,0.0
432867,tt1563742,31,Overboard,US,,imdbDisplay,,0.0
432959,tt1564367,35,Holiday in Hawaii,US,,working,,0.0
432960,tt1564367,38,Pretend Wife,US,,working,,0.0
432961,tt1564367,39,Just Go with It,US,,,,0.0
432991,tt1564585,19,Skyline,US,,imdbDisplay,,0.0
433355,tt1566648,13,Waiting for 'Superman',US,,imdbDisplay,,0.0
434364,tt1572311,5,Tees Maar Khan,US,,,,0.0
439011,tt1599348,27,Safe House,US,,imdbDisplay,,0.0
439128,tt1600195,3,Abduction,US,,imdbDisplay,,0.0
440345,tt1606378,13,Die Hard 5,US,,,informal title,0.0
440346,tt1606378,41,A Good Day to Die Hard,US,,,,0.0
440349,tt1606389,40,The Vow,US,,imdbDisplay,,0.0
441014,tt1610525,20,Chuck,US,en,imdbDisplay,,0.0
441015,tt1610525,4,Chuck,US,,imdbDisplay,,0.0
441960,tt1615918,15,Alvin and the Chipmunks 3D,US,,working,,0.0
441961,tt1615918,1,Alvin and the Chipmunks 3: Chipwrecked,US,,working,,0.0
441962,tt1615918,4,Alvin and the Chipmunks: Chipwrecked,US,,,,0.0
442317,tt1618432,1,I'm in Love with a Church Girl,US,,imdbDisplay,,0.0
442832,tt1620981,37,The Addams Family,US,,imdbDisplay,,0.0
443148,tt1622979,10,5nal Destination,US,,working,,0.0
443149,tt1622979,36,Final Destination 5,US,,,,0.0
444478,tt1630036,13,Courageous,US,,imdbDisplay,,0.0
445200,tt1633356,1,Shark Night 3D,US,,,original script title,0.0
445889,tt1637688,17,I'm.mortal,US,,working,,0.0
445890,tt1637688,36,In Time,US,,,,0.0
445891,tt1637688,40,Now,US,,working,,0.0
445892,tt1637688,42,Untitled Justin Timberlake/Amanda Seyfried Thriller,US,,working,,0.0
446910,tt1645170,33,Finchley's Dream,US,,,fake working title,0.0
446911,tt1645170,38,The Dictator,US,,,,0.0
447182,tt1646971,41,How to Train Your Dragon 2,US,,imdbDisplay,,0.0
447193,tt1646987,35,Clash of the Titans 2,US,,working,,0.0
447293,tt1647668,25,Million Dollar Arm,US,,imdbDisplay,,0.0
447415,tt1648190,24,The Dark Tower,US,,imdbDisplay,,0.0
448311,tt1653665,20,Goodbye Christopher Robin,US,,imdbDisplay,,0.0
448558,tt1655460,3,Wanderlust,US,,imdbDisplay,,0.0
448998,tt1658801,15,Freeheld,US,,,,0.0
449645,tt1663143,2,Fun Size,US,,imdbDisplay,,0.0
449756,tt1663662,23,Pacific Rim,US,,,,0.0
449757,tt1663662,32,Still Seas,US,,,fake working title,0.0
450003,tt1664894,13,Cave of Forgotten Dreams,US,,imdbDisplay,,0.0
450240,tt1666185,12,All Eyez on Me,US,,imdbDisplay,,0.0
450987,tt1670345,8,Now You See Me,US,,imdbDisplay,,0.0
451508,tt1673434,8,The Twilight Saga: Breaking Dawn - Part 2,US,,imdbDisplay,,0.0
452417,tt1679335,37,Trolls,US,,imdbDisplay,,0.0
454117,tt1691916,23,Before I Fall,US,,imdbDisplay,,0.0
454118,tt1691917,18,World of Cars: Planes,US,,,complete title,0.0
454119,tt1691917,2,Disney's Planes,US,,,complete title,0.0
454120,tt1691917,8,Planes,US,,,,0.0
454821,tt1695994,5,Stewie,US,,,original script title,0.0
454822,tt1695994,6,The Virginity Hit,US,,,,0.0
455760,tt1702439,14,Safe Haven,US,,imdbDisplay,,0.0
455763,tt1702443,15,Justin Bieber: Never Say Never - Director's Fan Cut,US,,,director's cut,0.0
455764,tt1702443,4,Never Say Never,US,,working,,0.0
455765,tt1702443,6,Justin Bieber: Never Say Never,US,,,,0.0
456986,tt1710396,11,Joyful Noise,US,,imdbDisplay,,0.0
460306,tt1731141,16,Ender's Game,US,,imdbDisplay,,0.0
461991,tt1741243,1,Pawn Shop Chronicles,US,,imdbDisplay,,0.0
462237,tt1742650,13,I Don't Know How She Does It,US,,imdbDisplay,,0.0
462953,tt1748122,7,Moonrise Kingdom,US,,imdbDisplay,,0.0
463015,tt1748227,10,The Collection,US,,,,0.0
463859,tt1754811,4,Underground Comedy,US,,working,,0.0
463860,tt1754811,6,InAPPropriate Comedy,US,,,,0.0
465093,tt1764651,12,The Expendables 2,US,,,,0.0
465094,tt1764651,29,The Expendables II,US,,alternative,,0.0
465790,tt1772240,5,Apollo 18,US,,imdbDisplay,,0.0
465822,tt1772288,14,Imagine,US,,,original script title,0.0
465823,tt1772288,22,Danny Collins,US,,,,0.0
467533,tt1781840,2,Jayne Mansfield's Car,US,,imdbDisplay,,0.0
467573,tt1781922,24,The Coup,US,,working,,0.0
467574,tt1781922,25,No Escape,US,,,,0.0
468510,tt1787759,3,Madea's Big Happy Family,US,,,,0.0
468511,tt1787759,4,Tyler Perry's Madea's Big Happy Family,US,,,complete title,0.0
470196,tt1798603,23,Bad Santa 2,US,,imdbDisplay,,0.0
470252,tt1798709,26,Her,US,,imdbDisplay,,0.0
471910,tt1810683,6,Little Boy,US,,imdbDisplay,,0.0
473060,tt1817273,30,The Place Beyond the Pines,US,,imdbDisplay,,0.0
474679,tt1826590,10,About Last Night,US,,imdbDisplay,,0.0
476660,tt1837562,16,A Royal Night Out,US,,imdbDisplay,,0.0
476749,tt1837709,10,Winter's Tale,US,,imdbDisplay,,0.0
477339,tt1841542,4,Chillar Party,US,,imdbDisplay,,0.0
479794,tt1854564,12,Percy Jackson & The Sea of Monsters,US,,working,,0.0
479795,tt1854564,21,Percy Jackson: Sea of Monsters,US,,,,0.0
479796,tt1854564,33,Percy Jackson & The Olympians: The Sea of Monsters,US,,working,,0.0
479864,tt1855199,2,End of Watch,US,,imdbDisplay,,0.0
480663,tt1859650,15,Nero Fiddled,US,,working,,0.0
480664,tt1859650,19,The Bop Decameron,US,,working,,0.0
480665,tt1859650,37,To Rome with Love,US,,,,0.0
480978,tt1862079,16,Safety Not Guaranteed,US,,imdbDisplay,,0.0
481453,tt1865346,8,Detention of the Dead,US,,,,0.0
483568,tt1877832,12,X-Men: Days of Future Past,US,,imdbDisplay,,0.0
483569,tt1877832,26,X-Men: First Class 2,US,,,informal title,0.0
483570,tt1877832,40,X-Men: Days of Future Past the Rogue Cut,US,,,director's cut,0.0
483615,tt1878841,13,6 Miranda Drive,US,,working,,0.0
483616,tt1878841,2,The Darkness,US,,,,0.0
484518,tt1885265,4,Tyler Perry's Good Deeds,US,,,complete title,0.0
484519,tt1885265,8,Good Deeds,US,,,,0.0
485384,tt1893256,6,Redemption,US,,imdbDisplay,,0.0
486528,tt1907668,23,Flight,US,,imdbDisplay,,0.0
487473,tt1915581,8,Magic Mike,US,,imdbDisplay,,0.0
487983,tt1921064,33,Pompeii,US,,imdbDisplay,,0.0
488337,tt1925479,3,Officer Down,US,,,,0.0
488751,tt1929263,9,Heaven Is for Real,US,,imdbDisplay,,0.0
489063,tt1931435,16,Gently Down the Stream,US,,,original script title,0.0
489064,tt1931435,17,The Big Wedding,US,,,,0.0
489065,tt1931435,18,The Wedding,US,,working,,0.0
489480,tt1935089,12,Blind,US,,imdbDisplay,,0.0
489481,tt1935089,6,Blind TV Edition,US,,,recut version,0.0
489544,tt1935194,30,Overdrive,US,,imdbDisplay,,0.0
491572,tt1951181,11,Lowlife,US,,working,,0.0
491573,tt1951181,21,Nightingale,US,en,working,,0.0
491574,tt1951181,9,The Immigrant,US,,,,0.0
491615,tt1951264,12,The Hunger Games 2,US,,working,,0.0
491616,tt1951264,19,The Hunger Games II,US,,alternative,,0.0
491617,tt1951264,2,The Hunger Games: Catching Fire,US,,,,0.0
491618,tt1951264,46,Catching Fire,US,,,informal alternative title,0.0
491619,tt1951264,8,The Idiom,US,,,fake working title,0.0
492235,tt1956620,25,Basic Math,US,,,fake working title,0.0
492236,tt1956620,2,Sex Tape,US,,,,0.0
492569,tt1959563,14,The Hitman's Bodyguard,US,,imdbDisplay,,0.0
492649,tt1961175,21,American Assassin,US,,imdbDisplay,,0.0
493546,tt1966604,4,The Imposter,US,,imdbDisplay,,0.0
494355,tt1974382,5,The Challenger,US,,imdbDisplay,,0.0
495560,tt1981115,36,Thor 2,US,,working,,0.0
495561,tt1981115,45,Marvel Thor: The Dark World,US,,,promotional title,0.0
495562,tt1981115,4,Thor: The Dark World,US,,,,0.0
495563,tt1981115,6,Thursday Mourning,US,,,fake working title,0.0
495636,tt1981677,10,Pitch Perfect,US,,imdbDisplay,,0.0
499109,tt2006295,18,The 33,US,,imdbDisplay,,0.0
500819,tt2016894,6,Once There Was a Tiger,US,,,literal English title,0.0
501566,tt2024432,12,ID Theft,US,,working,,0.0
501567,tt2024432,9,Identity Thief,US,,,,0.0
501583,tt2024469,29,Non Stop,US,,alternative,,0.0
503932,tt2048824,2,Old Fashioned,US,,,,0.0
508735,tt2083355,13,The Best Man 2,US,,working,,0.0
508736,tt2083355,5,The Best Man Holiday,US,,,,0.0
508756,tt2083383,15,Trouble with the Curve,US,,imdbDisplay,,0.0
510517,tt2094064,8,Much Ado About Nothing,US,,imdbDisplay,,0.0
511052,tt2096672,17,Dumb and Dumber To,US,,working,,0.0
511053,tt2096672,2,Dumb and Dumber 2,US,,,informal title,0.0
511054,tt2096673,41,Inside Out,US,,imdbDisplay,,0.0
511055,tt2096673,53,The Untitled Pixar Movie That Takes You Inside the Mind,US,,working,,0.0
517409,tt2140379,6,Selfless,US,,,alternative spelling,0.0
517410,tt2140379,8,Self/less,US,,imdbDisplay,,0.0
517493,tt2140577,4,The Pretty One,US,,imdbDisplay,,0.0
517507,tt2140619,17,Two Night Stand,US,,imdbDisplay,,0.0
521211,tt2167202,16,Getaway,US,,imdbDisplay,,0.0
524848,tt2194499,38,About Time,US,,imdbDisplay,,0.0
525593,tt2199571,22,The All Nighter,US,,working,,0.0
525594,tt2199571,25,Run All Night,US,,,,0.0
526749,tt2209418,2,Untitled Before Sunset Sequel,US,,working,,0.0
526750,tt2209418,6,Before Midnight,US,,imdbDisplay,,0.0
528826,tt2226417,25,Insidious 2,US,,,informal short title,0.0
528827,tt2226417,7,Insidious: Chapter 2,US,,,,0.0
529194,tt2229499,19,Don Jon's Addiction,US,,festival,,0.0
529195,tt2229499,24,Don Jon,US,,,,0.0
531053,tt2243537,24,Smartass,US,,working,,0.0
531054,tt2243537,27,A Haunted House,US,,,,0.0
531751,tt2247476,4,When the Game Stands Tall,US,,imdbDisplay,,0.0
532163,tt2250912,34,The Summer of George,US,,,fake working title,0.0
532164,tt2250912,7,Spider-Man: Homecoming,US,,,,0.0
534304,tt2267998,26,Gone Girl,US,,imdbDisplay,,0.0
535114,tt2274648,36,Hellboy,US,,imdbDisplay,,0.0
536245,tt2283336,28,Men in Black 4,US,,working,,0.0
536246,tt2283336,35,Men in Black IV,US,,alternative,,0.0
536247,tt2283336,7,Men in Black: International,US,,imdbDisplay,,0.0
537517,tt2294677,11,In a World...,US,,imdbDisplay,,0.0
538452,tt2302755,26,White House Taken,US,,working,,0.0
538453,tt2302755,27,Olympus Has Fallen,US,,,,0.0
538956,tt2306745,4,Sound City,US,,,,0.0
539799,tt2312890,10,Afternoon Delight,US,,imdbDisplay,,0.0
540157,tt2316204,31,Alien: Paradise Lost,US,,working,,0.0
540158,tt2316204,34,Alien: Covenant,US,,imdbDisplay,,0.0
540159,tt2316204,3,Prometheus 2,US,,,informal alternative title,0.0
540587,tt2318092,11,Endless Love,US,,imdbDisplay,,0.0
540730,tt2318625,6,Out in the Dark,US,,imdbDisplay,,0.0
543046,tt2334649,19,Fruitvale Station,US,,,,0.0
543047,tt2334649,22,Fruitvale,US,,festival,,0.0
545107,tt2390962,2,The Unknown Known,US,,imdbDisplay,,0.0
546238,tt2398231,5,The Homesman,US,,imdbDisplay,,0.0
546773,tt2401715,14,The Devil's Violinist,US,,imdbDisplay,,0.0
547167,tt2403393,4,Until I Rise,US,,alternative,,0.0
550254,tt2446042,1,Taken 3,US,,imdbDisplay,,0.0
550315,tt2446980,20,Joy,US,,imdbDisplay,,0.0
551125,tt2458776,17,Bears,US,,,,0.0
551534,tt2463288,17,Walk of Shame,US,,imdbDisplay,,0.0
552221,tt2473510,38,Paranormal Activity: Ghost Dimension,US,,working,,0.0
552222,tt2473510,3,Paranormal Activity: The Ghost Dimension,US,,,,0.0
552233,tt2473602,13,Get on Up,US,,imdbDisplay,,0.0
553081,tt2488496,44,Star Wars: The Force Awakens,US,,,poster title,0.0
553082,tt2488496,60,Star Wars: Episode VII - The Force Awakens,US,,,,0.0
553949,tt2503944,24,The Chef,US,,working,,0.0
553950,tt2503944,7,Burnt,US,,,,0.0
554425,tt2510894,22,Hotel Transylvania 2,US,,imdbDisplay,,0.0
554426,tt2510894,23,Hotel Transylvania 2 3D,US,,,3-D version,0.0
554598,tt2513074,19,Billy Lynn's Long Halftime Walk,US,,imdbDisplay,,0.0
554727,tt2515034,3,The Gunman,US,,imdbDisplay,,0.0
555584,tt2527336,10,Star Wars: Episode VIII - The Last Jedi,US,en,imdbDisplay,,0.0
555585,tt2527336,15,The Last Jedi,US,,,informal short title,0.0
555586,tt2527336,3,Star Wars: The Last Jedi,US,,,poster title,0.0
558716,tt2582500,18,Shut In,US,,imdbDisplay,,0.0
558745,tt2582782,11,Hell or High Water,US,,imdbDisplay,,0.0
558746,tt2582782,13,Comancheria,US,,working,,0.0
558747,tt2582784,5,Flower,US,,imdbDisplay,,0.0
558753,tt2582846,3,The Fault in Our Stars,US,,,,0.0
558754,tt2582846,4,TFiOS,US,,,short title,0.0
560269,tt2609912,7,Kevin Hart: Let Me Explain,US,,,,0.0
560568,tt2614684,20,'71,US,,imdbDisplay,,0.0
561468,tt2626350,17,Step Up 5,US,,working,,0.0
561469,tt2626350,19,Step Up All In,US,,,,0.0
562269,tt2637294,15,Hot Tub Time Machine 3: Because Hot Tub Time Machine 2 Hasn't Happened Yet,US,,working,,0.0
562270,tt2637294,9,Hot Tub Time Machine 2,US,,,,0.0
563251,tt2652092,24,The Good Lie,US,,imdbDisplay,,0.0
566081,tt2709692,24,How the Grinch Stole Christmas,US,,working,,0.0
566082,tt2709692,34,Dr. Seuss' The Grinch,US,,imdbDisplay,,0.0
566371,tt2714380,11,The Remaining,US,,imdbDisplay,,0.0
566769,tt2719848,3,Everest,US,,imdbDisplay,,0.0
567279,tt2726560,18,The Longest Ride,US,,imdbDisplay,,0.0
569435,tt2763304,19,T2 Trainspotting,US,,imdbDisplay,,0.0
570852,tt2784512,5,Zombeavers,US,,imdbDisplay,,0.0
571154,tt2788732,37,Pete's Dragon,US,,imdbDisplay,,0.0
571761,tt2798920,31,Annihilation,US,,imdbDisplay,,0.0
571793,tt2799166,1,The Pyramid,US,,,,0.0
572023,tt2802144,13,Kingsman and Sons,US,,,original script title,0.0
572024,tt2802144,44,The Secret Service,US,,working,,0.0
573291,tt2822742,17,3 Hearts,US,en,imdbDisplay,,0.0
573691,tt2828996,5,A Haunted House 2,US,,,,0.0
574505,tt2844798,9,White God,US,,imdbDisplay,,0.0
574815,tt2848324,1,Mania Days,US,,working,,0.0
574816,tt2848324,3,Touched with Fire,US,,imdbDisplay,,0.0
575607,tt2865120,26,Ratchet & Clank,US,,imdbDisplay,,0.0
575748,tt2869728,20,Ride Along 2,US,,,,0.0
575815,tt2870612,18,As Above So Below,US,,alternative,,0.0
575816,tt2870612,26,"As Above, So Below",US,,imdbDisplay,,0.0
575819,tt2870648,12,Amy,US,,imdbDisplay,,0.0
575970,tt2872462,12,Mistress America,US,,imdbDisplay,,0.0
576083,tt2873282,6,Red Sparrow,US,,imdbDisplay,,0.0
576248,tt2876428,2,"Buen día, Ramón",US,,alternative,,0.0
576766,tt2884018,26,Macbeth,US,,imdbDisplay,,0.0
576788,tt2884206,15,I Origins,US,,imdbDisplay,,0.0
579564,tt2932536,25,47 Meters Down,US,,imdbDisplay,,0.0
579629,tt2933544,16,Life Itself,US,,working,,0.0
579630,tt2933544,6,5 Flights Up,US,en,imdbDisplay,,0.0
579826,tt2935510,23,Ad Astra,US,,imdbDisplay,,0.0
579961,tt2937696,14,Dazed and Confused 2,US,,,informal title,0.0
579962,tt2937696,3,Everybody Wants Some!!,US,,imdbDisplay,,0.0
582123,tt2967224,18,Hot Pursuit,US,,,,0.0
582124,tt2967224,20,Don't Mess with Texas,US,,working,,0.0
582626,tt2975578,19,The Purge 2,US,,working,,0.0
582627,tt2975578,4,The Purge: Anarchy,US,,,,0.0
582628,tt2975578,8,The Zone,US,,,fake working title,0.0
582927,tt2980472,10,Just Before I Go,US,,imdbDisplay,,0.0
582936,tt2980516,21,The Theory of Everything,US,,imdbDisplay,,0.0
582969,tt2980706,24,Planes 2: Fire & Rescue,US,,working,,0.0
582970,tt2980706,26,Planes: Fire & Rescue,US,,,,0.0
582971,tt2980706,39,Planes 2,US,,,short title,0.0
588410,tt3062880,4,Gett,US,,imdbDisplay,,0.0
588591,tt3065132,23,He Named Me Malala,US,,,,0.0
589143,tt3072482,8,Hardcore Henry,US,,imdbDisplay,,0.0
589358,tt3074780,1,Supermensch: The Legend of Shep Gordon,US,,,,0.0
589430,tt3076658,20,Creed,US,,imdbDisplay,,0.0
589896,tt3086442,29,Goodnight Mommy,US,,imdbDisplay,,0.0
592154,tt3110958,17,Now You See Me 2,US,,imdbDisplay,,0.0
595329,tt3147312,13,Desierto,US,,imdbDisplay,,0.0
595486,tt3149038,11,A Brilliant Young Mind,US,,imdbDisplay,,0.0
595487,tt3149038,7,X+Y,US,,festival,,0.0
596714,tt3164256,15,Rock the Kasbah,US,,imdbDisplay,,0.0
596928,tt3168230,2,Mr. Holmes,US,,imdbDisplay,,0.0
598260,tt3184934,25,The New Girlfriend,US,,imdbDisplay,,0.0
599468,tt3203620,15,The Dinner,US,,imdbDisplay,,0.0
599834,tt3208026,10,Black '47,US,,imdbDisplay,,0.0
601042,tt3224458,17,A Beautiful Day in the Neighborhood,US,,imdbDisplay,,0.0
601917,tt3235888,4,It Follows,US,,imdbDisplay,,0.0
604024,tt3262990,5,Brotherly Love,US,,imdbDisplay,,0.0
607627,tt3315342,14,Logan,US,,imdbDisplay,,0.0
608989,tt3332064,22,Pan,US,,imdbDisplay,,0.0
612657,tt3387520,25,Scary Stories to Tell in the Dark,US,,imdbDisplay,,0.0
613118,tt3393786,16,Jack Reacher 2,US,,working,,0.0
613706,tt3402236,29,Murder on the Orient Express,US,,imdbDisplay,,0.0
614166,tt3409848,5,Zama,US,,imdbDisplay,,0.0
614340,tt3411444,38,Ferdinand,US,,imdbDisplay,,0.0
614341,tt3411444,41,The Story of Ferdinand,US,,working,,0.0
615229,tt3422078,15,April and the Extraordinary World,US,,imdbDisplay,,0.0
617188,tt3450650,21,Paul Blart: Mall Cop 2,US,,imdbDisplay,,0.0
618689,tt3470600,31,Sing,US,,imdbDisplay,,0.0
620847,tt3499096,24,Race,US,,imdbDisplay,,0.0
623686,tt3531824,19,Nerve,US,,imdbDisplay,,0.0
624359,tt3544112,5,Sing Street,US,,imdbDisplay,,0.0
626280,tt3569230,18,Legend,US,,imdbDisplay,,0.0
629409,tt3606752,25,Cars 3,US,,imdbDisplay,,0.0
629410,tt3606756,27,The Incredibles 2,US,,alternative,,0.0
629411,tt3606756,45,Incredibles 2,US,,,,0.0
631028,tt3628584,18,Barbershop: The Next Cut,US,,imdbDisplay,,0.0
631206,tt3631112,2,The Girl on the Train,US,,imdbDisplay,,0.0
637063,tt3707106,11,By the Sea,US,,imdbDisplay,,0.0
637568,tt3713166,1,Unfriended,US,en,imdbDisplay,,0.0
637845,tt3716530,13,Elle,US,,imdbDisplay,,0.0
638252,tt3721936,3,American Honey,US,,imdbDisplay,,0.0
639302,tt3735246,10,Bajirao Mastani,US,,imdbDisplay,,0.0
639303,tt3735246,6,Bajirao and Mastani,US,,,literal English title,0.0
639777,tt3741700,18,Godzilla: King of the Monsters,US,,imdbDisplay,,0.0
639778,tt3741700,37,Fathom,US,,working,,0.0
640314,tt3748512,8,Hitchcock/Truffaut,US,,imdbDisplay,,0.0
641247,tt3760922,4,My Big Fat Greek Wedding 2,US,,imdbDisplay,,0.0
641607,tt3766354,38,The Equalizer 2,US,,imdbDisplay,,0.0
642151,tt3774466,4,Ashby,US,,imdbDisplay,,0.0
642464,tt3778644,2,Solo,US,,,short title,0.0
642465,tt3778644,36,Star Wars: Red Cup,US,,,fake working title,0.0
642466,tt3778644,48,Solo: A Star Wars Story,US,,imdbDisplay,,0.0
643024,tt3787590,9,We Are Your Friends,US,,imdbDisplay,,0.0
644919,tt3813310,5,Cop Car,US,,,,0.0
646891,tt3841424,28,Land of Mine,US,,imdbDisplay,,0.0
648399,tt3861390,27,Dumbo,US,,imdbDisplay,,0.0
648400,tt3861390,37,Dumbo,US,en,,,0.0
650798,tt3914332,4,Dean,US,,imdbDisplay,,0.0
653259,tt3966404,11,Mustang,US,,imdbDisplay,,0.0
661855,tt4094724,22,The Purge 3,US,,working,,0.0
661856,tt4094724,26,The Purge: Election Year,US,,imdbDisplay,,0.0
663053,tt4116284,12,The Lego Batman Movie,US,,imdbDisplay,,0.0
663054,tt4116284,20,The Lego Batman Movie,US,en,,IMAX version,0.0
663269,tt4120176,25,Things to Come,US,,imdbDisplay,,0.0
663542,tt4123430,10,Fantastic Beasts: The Crimes of Grindelwald,US,,imdbDisplay,,0.0
664670,tt4139124,6,Keanu,US,,imdbDisplay,,0.0
665608,tt4154664,10,Captain Marvel,US,,imdbDisplay,,0.0
665609,tt4154664,40,Captain Marvel,US,en,,,0.0
665622,tt4154796,14,Avengers 4,US,,,informal title,0.0
665623,tt4154796,28,Avengers: Endgame,US,,imdbDisplay,,0.0
665624,tt4154796,33,Avengers: Endgame,US,en,,,0.0
665958,tt4158876,3,Other People,US,,,,0.0
666069,tt4160708,13,Don't Breathe,US,,imdbDisplay,,0.0
666070,tt4160708,31,A Man in the Dark,US,,working,,0.0
668147,tt4190530,20,Anthropoid,US,,imdbDisplay,,0.0
672776,tt4258698,8,Southside with You,US,,imdbDisplay,,0.0
672980,tt4263482,2,The Witch,US,en,imdbDisplay,,0.0
674696,tt4288636,4,James White,US,,,,0.0
677595,tt4334266,13,The Bad Batch,US,,imdbDisplay,,0.0
680004,tt4379728,14,Three,US,,imdbDisplay,,0.0
681679,tt4411596,8,My Cousin Rachel,US,,imdbDisplay,,0.0
685110,tt4463894,1,Shaft,US,,imdbDisplay,,0.0
685253,tt4465564,10,50 Shades Darker,US,,,informal alternative title,0.0
685254,tt4465564,37,Fifty Shades Darker,US,,imdbDisplay,,0.0
686017,tt4477536,34,Fifty Shades Freed,US,,imdbDisplay,,0.0
688772,tt4520364,4,Morgan,US,,imdbDisplay,,0.0
690138,tt4538916,22,Finding Your Feet,US,,imdbDisplay,,0.0
691134,tt4555426,25,Darkest Hour,US,,imdbDisplay,,0.0
692259,tt4573516,1,Sleight,US,,imdbDisplay,,0.0
694681,tt4614612,2,Peterloo,US,,imdbDisplay,,0.0
695051,tt4621016,2,Ingrid Bergman: In Her Own Words,US,,imdbDisplay,,0.0
695799,tt4632316,5,Gleason,US,,,,0.0
697607,tt4663548,8,All Saints,US,,imdbDisplay,,0.0
697867,tt4667094,24,Fifty Shades of Black,US,,imdbDisplay,,0.0
698878,tt4682786,7,Collateral Beauty,US,,imdbDisplay,,0.0
698881,tt4682804,18,Lucy in the Sky,US,,imdbDisplay,,0.0
698882,tt4682804,22,Pale Blue Dot,US,,working,,0.0
699140,tt4687276,5,Range 15,US,,,,0.0
699219,tt4687848,2,Railroad Tigers,US,,imdbDisplay,,0.0
699982,tt4698684,5,Hunt for the Wilderpeople,US,,imdbDisplay,,0.0
700237,tt4701660,12,The Mermaid,US,,imdbDisplay,,0.0
700238,tt4701660,7,Mei ren yu,US,,imdbDisplay,,0.0
703331,tt4768776,19,"Right Now, Wrong Then",US,,imdbDisplay,,0.0
705151,tt4799050,18,Rock That Body,US,,working,,0.0
705152,tt4799050,5,Rough Night,US,,imdbDisplay,,0.0
705154,tt4799066,11,Midnight Sun,US,,imdbDisplay,,0.0
706458,tt4824302,17,Mother's Day,US,,imdbDisplay,,0.0
706550,tt4827558,29,High Life,US,,imdbDisplay,,0.0
708400,tt4853102,5,Batman: The Killing Joke,US,,imdbDisplay,,0.0
709225,tt4864932,6,Rebel,US,,,informal English title,0.0
711315,tt4902904,3,The Resurrection of Gavin Stone,US,,imdbDisplay,,0.0
711898,tt4912910,19,M:I 6 - Mission Impossible,US,,alternative,,0.0
711899,tt4912910,22,Mission: Impossible - Fallout,US,,imdbDisplay,,0.0
711900,tt4912910,40,Mission: Impossible VI,US,en,alternative,,0.0
711901,tt4912910,45,M:I VI - Mission Impossible,US,,alternative,,0.0
711963,tt4913966,24,The Curse of La Llorona,US,,imdbDisplay,,0.0
711964,tt4913966,38,The Children,US,en,working,,0.0
711965,tt4913966,43,The Curse of la Llorona,US,en,,,0.0
715404,tt4964788,11,Everybody Knows,US,,imdbDisplay,,0.0
716161,tt4975920,15,The Kid,US,en,,,0.0
716162,tt4975920,4,The Kid,US,,imdbDisplay,,0.0
716387,tt4978710,1,Marjorie Prime,US,,imdbDisplay,,0.0
716553,tt4981636,20,Middle School: The Worst Years of My Life,US,,imdbDisplay,,0.0
720023,tt5039860,13,Dalida,US,,imdbDisplay,,0.0
723281,tt5091612,8,A Bag of Marbles,US,,imdbDisplay,,0.0
723491,tt5095030,13,Ant-Man 2,US,,alternative,,0.0
723492,tt5095030,1,Untitled Ant-Man Sequel,US,,working,,0.0
723493,tt5095030,43,Cherry Blue,US,,,fake working title,0.0
723494,tt5095030,5,Ant-Man and the Wasp,US,,imdbDisplay,,0.0
724687,tt5115546,1,Ghost Team,US,,,,0.0
725781,tt5129510,6,The Death of Louis XIV,US,,imdbDisplay,,0.0
727958,tt5153236,17,Hampstead,US,,imdbDisplay,,0.0
728220,tt5157326,14,Western,US,,imdbDisplay,,0.0
732203,tt5215486,1,Dawson City: Frozen Time,US,,imdbDisplay,,0.0
732620,tt5222918,3,The Other Side of Hope,US,,imdbDisplay,,0.0
735396,tt5265960,18,The Untamed,US,,imdbDisplay,,0.0
737216,tt5294550,4,All the Money in the World,US,,imdbDisplay,,0.0
738541,tt5314190,11,Sgt. Stubby: An American Hero,US,,imdbDisplay,,0.0
738893,tt5319866,2,Slamma Jamma,US,,imdbDisplay,,0.0
740239,tt5340300,15,Lean on Pete,US,,imdbDisplay,,0.0
741780,tt5360952,15,The Hurricane Heist,US,,imdbDisplay,,0.0
741935,tt5362988,26,Wind River,US,,imdbDisplay,,0.0
743626,tt5427194,14,The Miracle Season,US,,imdbDisplay,,0.0
743627,tt5427194,15,Live Like Line,US,,alternative,,0.0
743628,tt5427194,2,Live Line Line,US,,alternative,,0.0
743629,tt5427194,9,Sweet Caroline,US,,alternative,,0.0
744271,tt5436228,8,Woman Walks Ahead,US,,imdbDisplay,,0.0
744345,tt5437928,15,Colette,US,,imdbDisplay,,0.0
750622,tt5537228,5,Everybody Loves Somebody,US,,imdbDisplay,,0.0
750833,tt5540188,5,The Nile Hilton Incident,US,,imdbDisplay,,0.0
750901,tt5540992,8,Shock and Awe,US,,imdbDisplay,,0.0
752108,tt5563334,19,The Good Liar,US,,imdbDisplay,,0.0
753173,tt5580266,16,The Hate U Give,US,,imdbDisplay,,0.0
753181,tt5580390,35,The Shape of Water,US,en,,,0.0
753182,tt5580390,37,The Shape of Water,US,,imdbDisplay,,0.0
757551,tt5646136,7,Hillary's America: The Secret History of the Democratic Party,US,,imdbDisplay,,0.0
758762,tt5664636,20,Goosebumps 2: Haunted Halloween,US,,imdbDisplay,,0.0
758763,tt5664636,41,Goosebumps 2,US,,working,,0.0
759209,tt5669936,15,The Recall,US,,imdbDisplay,,0.0
760239,tt5688868,2,Primal Rage: The Legend of Kong,US,,imdbDisplay,,0.0
760240,tt5688868,5,Primal Rage: The Legend of Konga,US,,imdbDisplay,,0.0
760894,tt5700672,26,Train to Busan,US,,imdbDisplay,,0.0
764455,tt5758778,23,Skyscraper,US,,imdbDisplay,,0.0
764790,tt5764024,4,OK Darling,US,,,informal English title,0.0
765260,tt5770620,5,The Lovers,US,,imdbDisplay,,0.0
765707,tt5776858,29,Phantom Thread,US,,imdbDisplay,,0.0
768246,tt5814534,24,Spies in Disguise,US,en,,,0.0
768247,tt5814534,35,Spies in Disguise,US,,imdbDisplay,,0.0
768248,tt5814534,53,Pigeon Impossible,US,,working,,0.0
768324,tt5815492,2,1945,US,,imdbDisplay,,0.0
768390,tt5816682,28,Victoria & Abdul,US,,imdbDisplay,,0.0
769477,tt5833186,2,Blood on fire,US,,working,,0.0
769478,tt5833186,6,The Last Rampage,US,,imdbDisplay,,0.0
776692,tt5935704,12,Padmaavat,US,,imdbDisplay,,0.0
776693,tt5935704,6,Rani Padmavati,US,,alternative,,0.0
777726,tt5952594,3,The Mustang,US,,imdbDisplay,,0.0
778752,tt5968394,11,Captive State,US,,imdbDisplay,,0.0
778753,tt5968394,22,Captive State,US,en,,,0.0
779308,tt5977276,24,The Aftermath,US,,imdbDisplay,,0.0
779913,tt5989220,10,Claire's Camera,US,,imdbDisplay,,0.0
780272,tt5994166,5,At First Light,US,,imdbDisplay,,0.0
780525,tt5999530,3,Before We Vanish,US,,imdbDisplay,,0.0
780565,tt6000478,21,"Roman J. Israel, Esq.",US,,imdbDisplay,,0.0
780566,tt6000478,25,Inner City,US,,working,,0.0
787990,tt6105098,11,The Lion King,US,,imdbDisplay,,0.0
789594,tt6133130,20,Professor Marston & the Wonder Women,US,,imdbDisplay,,0.0
789989,tt6139732,43,Aladdin,US,en,,,0.0
789990,tt6139732,7,Aladdin,US,,imdbDisplay,,0.0
791869,tt6170484,17,Monster Hunt 2,US,,imdbDisplay,,0.0
793095,tt6193424,3,The Trip to Spain,US,,imdbDisplay,,0.0
797680,tt6272828,2,Mubarakan,US,,imdbDisplay,,0.0
797931,tt6277440,3,The Bride Of Badrinath,US,,,literal English title,0.0
797932,tt6277440,6,The Bride of Badrinath,US,,,informal English title,0.0
798675,tt6288250,9,Patti Cake$,US,,imdbDisplay,,0.0
799505,tt6303866,14,Beach Rats,US,,imdbDisplay,,0.0
800575,tt6324278,16,Abominable,US,,imdbDisplay,,0.0
800576,tt6324278,2,Everest,US,,working,,0.0
801126,tt6333056,17,City of Ghosts,US,,imdbDisplay,,0.0
804870,tt6394270,12,Bombshell,US,,imdbDisplay,,0.0
805093,tt6398184,31,Downton Abbey,US,,imdbDisplay,,0.0
806266,tt6418918,7,Little Woods,US,,imdbDisplay,,0.0
807216,tt6433880,13,Anna and the Apocalypse,US,,imdbDisplay,,0.0
807794,tt6443294,6,Blaze,US,,imdbDisplay,,0.0
807919,tt6444838,21,The Workshop,US,,imdbDisplay,,0.0
808028,tt6450186,1,I Can Only Imagine,US,,imdbDisplay,,0.0
808651,tt6462506,8,The Day After,US,,imdbDisplay,,0.0
810506,tt6495770,17,Action Point,US,,imdbDisplay,,0.0
810507,tt6495770,6,Action Park,US,,working,,0.0
817983,tt6644200,31,A Quiet Place,US,,imdbDisplay,,0.0
826714,tt6802308,11,The 15:17 to Paris,US,,imdbDisplay,,0.0
826790,tt6803212,11,Relive,US,,festival,,0.0
826791,tt6803212,3,Don't Let Go,US,,imdbDisplay,,0.0
829650,tt6850820,8,Peppermint,US,,imdbDisplay,,0.0
832580,tt6902696,12,Gloria Bell,US,,imdbDisplay,,0.0
832581,tt6902696,24,Gloria,US,,working,,0.0
832939,tt6910020,9,Nothing to Lose,US,,imdbDisplay,,0.0
833271,tt6915100,23,Pope Francis: A Man of His Word,US,,imdbDisplay,,0.0
834485,tt6938828,37,At Eternity's Gate,US,,imdbDisplay,,0.0
838584,tt7008872,24,Boy Erased,US,,imdbDisplay,,0.0
846268,tt7147540,16,Needle and Thread: Made in India,US,,,informal English title,0.0
846269,tt7147540,7,Made in India,US,,imdbDisplay,,0.0
849724,tt7208564,8,Blood Fest,US,,imdbDisplay,,0.0
852130,tt7250056,33,Non-Fiction,US,en,imdbDisplay,,0.0
852131,tt7250056,7,Double Lives,US,,,new title,0.0
852467,tt7255568,9,Student of the Year 2,US,,imdbDisplay,,0.0
854210,tt7286456,37,Joker,US,,imdbDisplay,,0.0
857112,tt7339248,16,The Art of Self-Defense,US,en,,,0.0
857113,tt7339248,18,The Art of Self-Defense,US,,imdbDisplay,,0.0
857487,tt7347846,17,The Lodge,US,,imdbDisplay,,0.0
860498,tt7401588,31,Instant Family,US,,imdbDisplay,,0.0
861733,tt7431594,1,Race 3,US,,imdbDisplay,,0.0
865001,tt7504726,6,The Call of the Wild,US,,imdbDisplay,,0.0
867128,tt7542576,5,All About Nina,US,,imdbDisplay,,0.0
867237,tt7545266,2,Like a Boss,US,,imdbDisplay,,0.0
867244,tt7545524,7,Ben Is Back,US,,imdbDisplay,,0.0
870581,tt7616798,1,A Dog's Way Home,US,,imdbDisplay,,0.0
871101,tt7671064,2,Brittany Runs a Marathon,US,en,,,0.0
871102,tt7671064,7,Brittany Runs a Marathon,US,,imdbDisplay,,0.0
871272,tt7689964,1,RBG,US,,imdbDisplay,,0.0
871855,tt7752126,20,Brandenburg,US,,working,,0.0
871856,tt7752126,22,Brightburn,US,,imdbDisplay,,0.0
871861,tt7752454,14,Detective Chinatown 2,US,,imdbDisplay,,0.0
874504,tt8085790,15,Little,US,,imdbDisplay,,0.0
874670,tt8108164,2,Ek Ladki Ko Dekha Toh Aisa Laga,US,,imdbDisplay,,0.0
874879,tt8134742,13,3 from Hell,US,,imdbDisplay,,0.0
874880,tt8134742,6,Three from Hell,US,,,alternative spelling,0.0
874990,tt8151874,19,Honey Boy,US,,imdbDisplay,,0.0
874991,tt8151874,8,Honey Boy,US,en,,,0.0
875130,tt8176040,6,Panipat,US,,imdbDisplay,,0.0
875776,tt8266310,16,Blinded by the Light,US,,imdbDisplay,,0.0
876689,tt8385474,24,A Dog's Journey,US,,imdbDisplay,,0.0
877045,tt8426594,9,The Wind,US,,imdbDisplay,,0.0
878373,tt8613070,32,Portrait of a Lady on Fire,US,,imdbDisplay,,0.0
878429,tt8623904,16,Last Christmas,US,,imdbDisplay,,0.0
878457,tt8632862,2,Fahrenheit 11/9,US,,imdbDisplay,,0.0
878499,tt8637428,20,The Farewell,US,,imdbDisplay,,0.0
878500,tt8637428,24,The Farewell,US,en,,,0.0
878865,tt8688634,7,21 Bridges,US,,imdbDisplay,,0.0
879098,tt8722346,15,Queen & Slim,US,,imdbDisplay,,0.0
879403,tt8767908,2,Matthias & Maxime,US,,imdbDisplay,,0.0
879404,tt8767908,4,Matthias and Maxime,US,,,alternative spelling,0.0
881823,tt9071322,14,Dark Waters,US,,imdbDisplay,,0.0
881824,tt9071322,19,The Lawyer Who Became DuPont's Worst Nightmare,US,,working,,0.0
882356,tt9134216,36,Playing with Fire,US,,imdbDisplay,,0.0
883189,tt9248972,15,Mission Mangal,US,,imdbDisplay,,0.0
